case,profile,tier,run_dir,baseline_bundle,stap_bundle,candidate,motion_disp_rms_px,phase_rms_rad,mean_h1,mean_bg,mean_nuisance,n_h1_pf_main,n_h0_bg,n_h0_nuisance_pa,n_h1_alias_qc,auc_main_vs_bg,auc_main_vs_nuisance,fpr_floor_bg,fpr_floor_nuisance,thr@1e-04,tpr_main@1e-04,fpr_bg@1e-04,fpr_nuisance@1e-04,tpr_alias_qc@1e-04,thr@1e-03,tpr_main@1e-03,fpr_bg@1e-03,fpr_nuisance@1e-03,tpr_alias_qc@1e-03,thr_match_tpr@0p25,tpr_main_match@0p25,fpr_bg_match@0p25,fpr_nuisance_match@0p25,tpr_alias_qc_match@0p25,thr_match_tpr@0p5,tpr_main_match@0p5,fpr_bg_match@0p5,fpr_nuisance_match@0p5,tpr_alias_qc_match@0p5,thr_match_tpr@0p75,tpr_main_match@0p75,fpr_bg_match@0p75,fpr_nuisance_match@0p75,tpr_alias_qc_match@0p75
structv2,ClinIntraOp-Pf-Struct-v2,paper,runs/sim/simus_clin_intraop_pf_struct_v2_phase3_paper/simus_clinintraop_pf_struct_v2_seed21,runs/sim_eval/simus_structural_phase3_paper_intraop_pf_struct_v2_seed21/simus_clinintraop_pf_struct_v2_seed21/simus_clinintraop_pf_struct_v2_seed21_baseline_mc_svd,runs/sim_eval/simus_structural_phase3_paper_intraop_pf_struct_v2_seed21/simus_clinintraop_pf_struct_v2_seed21/simus_clinintraop_pf_struct_v2_seed21_stap,baseline_score,0.0,0.0,23682610.450044014,1100539.8529839532,14426739.188793104,426,12046,290,290,0.9823596791329637,0.6176299174356483,8.301510874979246e-05,0.0034482758620689655,9273818.59800001,0.7746478873239436,0.00016603021749958492,0.8379310344827586,0.8379310344827586,8716798.449999997,0.7816901408450704,0.001079196413747302,0.8551724137931035,0.8551724137931035,31681907.5,0.2511737089201878,0.0,0.013793103448275862,0.013793103448275862,17538650.0,0.5,0.0,0.2482758620689655,0.2482758620689655,10033768.5,0.7488262910798122,8.301510874979246e-05,0.7896551724137931,0.7896551724137931
structv2,ClinIntraOp-Pf-Struct-v2,paper,runs/sim/simus_clin_intraop_pf_struct_v2_phase3_paper/simus_clinintraop_pf_struct_v2_seed21,runs/sim_eval/simus_structural_phase3_paper_intraop_pf_struct_v2_seed21/simus_clinintraop_pf_struct_v2_seed21/simus_clinintraop_pf_struct_v2_seed21_baseline_mc_svd,runs/sim_eval/simus_structural_phase3_paper_intraop_pf_struct_v2_seed21/simus_clinintraop_pf_struct_v2_seed21/simus_clinintraop_pf_struct_v2_seed21_stap,stap_detector,0.0,0.0,9.347703749025372,4.7849294048655615,1.0331488514768665,426,12046,290,290,0.9425679652100438,1.0,8.301510874979246e-05,0.0034482758620689655,10.345601328372958,0.07511737089201878,0.00016603021749958492,0.0,0.0,10.220888366699217,0.13615023474178403,0.001079196413747302,0.0,0.0,10.033639430999756,0.2511737089201878,0.003984725219990038,0.0,0.0,9.621371269226074,0.5,0.031130665781172174,0.0,0.0,8.966233491897583,0.7488262910798122,0.06989872156732525,0.0,0.0
structv2,ClinIntraOp-Pf-Struct-v2,paper,runs/sim/simus_clin_intraop_pf_struct_v2_phase3_paper/simus_clinintraop_pf_struct_v2_seed21,runs/sim_eval/simus_structural_phase3_paper_intraop_pf_struct_v2_seed21/simus_clinintraop_pf_struct_v2_seed21/simus_clinintraop_pf_struct_v2_seed21_baseline_mc_svd,runs/sim_eval/simus_structural_phase3_paper_intraop_pf_struct_v2_seed21/simus_clinintraop_pf_struct_v2_seed21/simus_clinintraop_pf_struct_v2_seed21_stap,fusion_rank_product,0.0,0.0,0.8617653945382212,0.2162792970303029,0.06148361720645033,426,12046,290,290,0.9907198462232802,0.9999919054557228,8.301510874979246e-05,0.0034482758620689655,0.8800164599716674,0.5821596244131455,0.00016603021749958492,0.0,0.0,0.848191711604595,0.676056338028169,0.001079196413747302,0.0,0.0,0.9427108466625214,0.2511737089201878,0.0,0.0,0.0,0.9079923629760742,0.5,0.0,0.0,0.0,0.8168103396892548,0.7488262910798122,0.0024074381537439815,0.0,0.0
structv2,ClinIntraOp-Pf-Struct-v2,paper,runs/sim/simus_clin_intraop_pf_struct_v2_phase3_paper/simus_clinintraop_pf_struct_v2_seed21,runs/sim_eval/simus_structural_phase3_paper_intraop_pf_struct_v2_seed21/simus_clinintraop_pf_struct_v2_seed21/simus_clinintraop_pf_struct_v2_seed21_baseline_mc_svd,runs/sim_eval/simus_structural_phase3_paper_intraop_pf_struct_v2_seed21/simus_clinintraop_pf_struct_v2_seed21/simus_clinintraop_pf_struct_v2_seed21_stap,fusion_rank_min,0.0,0.0,0.8915747955371517,0.30366987121253886,0.06543874278150756,426,12046,290,290,0.9892134922546514,1.0,8.301510874979246e-05,0.0034482758620689655,0.9166421635448934,0.5657276995305164,0.00016603021749958492,0.0,0.0,0.8826063373684883,0.6995305164319249,0.001079196413747302,0.0,0.0,0.9585443735122681,0.2511737089201878,0.0,0.0,0.0,0.9296917915344238,0.5,0.0,0.0,0.0,0.8690875768661499,0.7488262910798122,0.0019093475012452266,0.0,0.0
structv2,ClinIntraOp-Pf-Struct-v2,paper,runs/sim/simus_clin_intraop_pf_struct_v2_phase3_paper/simus_clinintraop_pf_struct_v2_seed21,runs/sim_eval/simus_structural_phase3_paper_intraop_pf_struct_v2_seed21/simus_clinintraop_pf_struct_v2_seed21/simus_clinintraop_pf_struct_v2_seed21_baseline_mc_svd,runs/sim_eval/simus_structural_phase3_paper_intraop_pf_struct_v2_seed21/simus_clinintraop_pf_struct_v2_seed21/simus_clinintraop_pf_struct_v2_seed21_stap,fusion_tail_fisher,0.0,0.0,6.656499716877378,1.6059069766785325,2.9397686584242457,426,12046,290,290,0.9868654898008339,0.9716124332200097,8.301510874979246e-05,0.0034482758620689655,7.346294752597813,0.3568075117370892,0.00016603021749958492,0.0,0.0,6.400234141349792,0.5469483568075117,0.001079196413747302,0.0,0.0,7.920203804969788,0.2511737089201878,0.0,0.0,0.0,6.639128923416138,0.5,0.0006641208699983397,0.0,0.0,5.0745768547058105,0.7488262910798122,0.010542918811223642,0.0,0.0
structv2,ClinIntraOp-Pf-Struct-v2,paper,runs/sim/simus_clin_intraop_pf_struct_v2_phase3_paper/simus_clinintraop_pf_struct_v2_seed21,runs/sim_eval/simus_structural_phase3_paper_intraop_pf_struct_v2_seed21/simus_clinintraop_pf_struct_v2_seed21/simus_clinintraop_pf_struct_v2_seed21_baseline_mc_svd,runs/sim_eval/simus_structural_phase3_paper_intraop_pf_struct_v2_seed21/simus_clinintraop_pf_struct_v2_seed21/simus_clinintraop_pf_struct_v2_seed21_stap,fusion_tail_min,0.0,0.0,2.6077300738280926,0.4197657065035316,0.0704113898775741,426,12046,290,290,0.9892134922546514,1.0,8.301510874979246e-05,0.0034482758620689655,2.4846133185625083,0.5657276995305164,0.00016603021749958492,0.0,0.0,2.1422229921817775,0.6995305164319249,0.001079196413747302,0.0,0.0,3.1831318736076355,0.2511737089201878,0.0,0.0,0.0,2.654867172241211,0.5,0.0,0.0,0.0,2.0332270860671997,0.7488262910798122,0.0019093475012452266,0.0,0.0
structv2,ClinIntraOp-Pf-Struct-v2,paper,runs/sim/simus_clin_intraop_pf_struct_v2_phase3_paper/simus_clinintraop_pf_struct_v2_seed21,runs/sim_eval/simus_structural_phase3_paper_intraop_pf_struct_v2_seed21/simus_clinintraop_pf_struct_v2_seed21/simus_clinintraop_pf_struct_v2_seed21_baseline_mc_svd,runs/sim_eval/simus_structural_phase3_paper_intraop_pf_struct_v2_seed21/simus_clinintraop_pf_struct_v2_seed21/simus_clinintraop_pf_struct_v2_seed21_stap,fusion_zsum,0.0,0.0,8.945797415983648,0.2865682191911435,4.227872923427615,426,12046,290,290,0.9911631780833877,0.7458232151529869,8.301510874979246e-05,0.0034482758620689655,3.686125113368038,0.795774647887324,0.00016603021749958492,0.5103448275862069,0.5103448275862069,3.021769236326213,0.8661971830985915,0.001079196413747302,0.6931034482758621,0.6931034482758621,11.753054141998291,0.2511737089201878,0.0,0.006896551724137931,0.006896551724137931,6.941680431365967,0.5,0.0,0.1206896551724138,0.1206896551724138,4.19338071346283,0.7488262910798122,0.0,0.43103448275862066,0.43103448275862066
structv2,ClinIntraOp-Pf-Struct-v2,paper,runs/sim/simus_clin_intraop_pf_struct_v2_phase3_paper/simus_clinintraop_pf_struct_v2_seed21,runs/sim_eval/simus_structural_phase3_paper_intraop_pf_struct_v2_seed21/simus_clinintraop_pf_struct_v2_seed21/simus_clinintraop_pf_struct_v2_seed21_baseline_mc_svd,runs/sim_eval/simus_structural_phase3_paper_intraop_pf_struct_v2_seed21/simus_clinintraop_pf_struct_v2_seed21/simus_clinintraop_pf_struct_v2_seed21_stap,fusion_base_x_rankstap,0.0,0.0,22105460.756345365,467120.7029128066,1038978.610764497,426,12046,290,290,0.9917353197718605,0.9808240246074146,8.301510874979246e-05,0.0034482758620689655,7922634.745750007,0.7887323943661971,0.00016603021749958492,0.0,0.0,5999099.239999994,0.863849765258216,0.001079196413747302,0.0034482758620689655,0.0034482758620689655,29807163.0,0.2511737089201878,0.0,0.0,0.0,16960475.0,0.5,0.0,0.0,0.0,8908735.75,0.7488262910798122,0.0,0.0,0.0
structv2,ClinIntraOp-Pf-Struct-v2,paper,runs/sim/simus_clin_intraop_pf_struct_v2_phase3_paper/simus_clinintraop_pf_struct_v2_seed21,runs/sim_eval/simus_structural_phase3_paper_intraop_pf_struct_v2_seed21/simus_clinintraop_pf_struct_v2_seed21/simus_clinintraop_pf_struct_v2_seed21_baseline_mc_svd,runs/sim_eval/simus_structural_phase3_paper_intraop_pf_struct_v2_seed21/simus_clinintraop_pf_struct_v2_seed21/simus_clinintraop_pf_struct_v2_seed21_stap,fusion_base_x_tailstap,0.0,0.0,82284540.23507188,984787.0070181161,1118698.0270903488,426,12046,290,290,0.9926572551697367,0.992277804759592,8.301510874979246e-05,0.0034482758620689655,28719142.61200064,0.7112676056338029,0.00016603021749958492,0.0,0.0,21674522.959999975,0.784037558685446,0.001079196413747302,0.0,0.0,102004442.0,0.2511737089201878,0.0,0.0,0.0,61041566.0,0.5,0.0,0.0,0.0,25631972.0,0.7488262910798122,0.0002490453262493774,0.0,0.0
structv2,ClinIntraOp-Pf-Struct-v2,paper,runs/sim/simus_clin_intraop_pf_struct_v2_phase3_paper/simus_clinintraop_pf_struct_v2_seed21,runs/sim_eval/simus_structural_phase3_paper_intraop_pf_struct_v2_seed21/simus_clinintraop_pf_struct_v2_seed21/simus_clinintraop_pf_struct_v2_seed21_baseline_mc_svd,runs/sim_eval/simus_structural_phase3_paper_intraop_pf_struct_v2_seed21/simus_clinintraop_pf_struct_v2_seed21/simus_clinintraop_pf_struct_v2_seed21_stap,fusion_base_x_zstap_pos,0.0,0.0,21887221.517073795,260981.86622624632,0.0,426,12046,290,290,0.9888470370621537,0.9964788732394366,8.301510874979246e-05,0.0034482758620689655,7747185.869750055,0.7723004694835681,0.00016603021749958492,0.0,0.0,6070568.97499999,0.8427230046948356,0.001079196413747302,0.0,0.0,29683294.5,0.2511737089201878,0.0,0.0,0.0,16658422.0,0.5,0.0,0.0,0.0,8439571.5,0.7488262910798122,0.0,0.0,0.0
intraop025,ClinIntraOp-Pf-v1+motionx0p25_phasex0p25,paper,runs/sim_eval/simus_motion_ladder_intraop_paper_seed21/runs/simus_clinintraop_pf_v1_motionx0p25_phasex0p25_seed21,runs/sim_eval/simus_motion_ladder_intraop_paper_seed21/eval/simus_clinintraop_pf_v1_motionx0p25_phasex0p25_seed21/simus_clinintraop_pf_v1_motionx0p25_phasex0p25_seed21_baseline_mc_svd,runs/sim_eval/simus_motion_ladder_intraop_paper_seed21/eval/simus_clinintraop_pf_v1_motionx0p25_phasex0p25_seed21/simus_clinintraop_pf_v1_motionx0p25_phasex0p25_seed21_stap,baseline_score,1.4349414110183716,0.15000000596046448,7015161.756455399,5866549.705182218,17441638.398275863,426,12046,290,290,0.626532759009088,0.04604176784847013,8.301510874979246e-05,0.0034482758620689655,133258554.46000257,0.0,0.00016603021749958492,0.0,0.0,54008908.87999994,0.0,0.001079196413747302,0.0,0.0,8995207.75,0.2511737089201878,0.1597210692346007,0.9896551724137931,0.9896551724137931,6255528.75,0.5,0.3303171177154242,1.0,1.0,4355240.875,0.7488262910798122,0.5414245392661464,1.0,1.0
intraop025,ClinIntraOp-Pf-v1+motionx0p25_phasex0p25,paper,runs/sim_eval/simus_motion_ladder_intraop_paper_seed21/runs/simus_clinintraop_pf_v1_motionx0p25_phasex0p25_seed21,runs/sim_eval/simus_motion_ladder_intraop_paper_seed21/eval/simus_clinintraop_pf_v1_motionx0p25_phasex0p25_seed21/simus_clinintraop_pf_v1_motionx0p25_phasex0p25_seed21_baseline_mc_svd,runs/sim_eval/simus_motion_ladder_intraop_paper_seed21/eval/simus_clinintraop_pf_v1_motionx0p25_phasex0p25_seed21/simus_clinintraop_pf_v1_motionx0p25_phasex0p25_seed21_stap,stap_detector,1.4349414110183716,0.15000000596046448,1.331148493178014,1.3321128292533422,1.3528070815678301,426,12046,290,290,0.4970155483791008,0.41466731423020886,8.301510874979246e-05,0.0034482758620689655,1.633379385828973,0.0,0.00016603021749958492,0.0,0.0,1.5874979329109191,0.0,0.001079196413747302,0.0,0.0,1.3802508413791656,0.2511737089201878,0.24082683048314793,0.3482758620689655,0.3482758620689655,1.330786645412445,0.5,0.49975095467375064,0.6344827586206897,0.6344827586206897,1.2813197374343872,0.7488262910798122,0.7634899551718413,0.8310344827586207,0.8310344827586207
intraop025,ClinIntraOp-Pf-v1+motionx0p25_phasex0p25,paper,runs/sim_eval/simus_motion_ladder_intraop_paper_seed21/runs/simus_clinintraop_pf_v1_motionx0p25_phasex0p25_seed21,runs/sim_eval/simus_motion_ladder_intraop_paper_seed21/eval/simus_clinintraop_pf_v1_motionx0p25_phasex0p25_seed21/simus_clinintraop_pf_v1_motionx0p25_phasex0p25_seed21_baseline_mc_svd,runs/sim_eval/simus_motion_ladder_intraop_paper_seed21/eval/simus_clinintraop_pf_v1_motionx0p25_phasex0p25_seed21/simus_clinintraop_pf_v1_motionx0p25_phasex0p25_seed21_stap,fusion_rank_product,1.4349414110183716,0.15000000596046448,0.2725731490842316,0.22056627236747745,0.522514534902213,426,12046,290,290,0.5811969609454837,0.23425611138092925,8.301510874979246e-05,0.0034482758620689655,0.9934298614561561,0.0,0.00016603021749958492,0.0,0.0,0.9367929890751837,0.0,0.001079196413747302,0.010344827586206896,0.010344827586206896,0.4202042520046234,0.2511737089201878,0.16984891250207537,0.6655172413793103,0.6655172413793103,0.22063124179840088,0.5,0.3998837788477503,0.8068965517241379,0.8068965517241379,0.09448552690446377,0.7488262910798122,0.6489291050971276,0.9241379310344827,0.9241379310344827
intraop025,ClinIntraOp-Pf-v1+motionx0p25_phasex0p25,paper,runs/sim_eval/simus_motion_ladder_intraop_paper_seed21/runs/simus_clinintraop_pf_v1_motionx0p25_phasex0p25_seed21,runs/sim_eval/simus_motion_ladder_intraop_paper_seed21/eval/simus_clinintraop_pf_v1_motionx0p25_phasex0p25_seed21/simus_clinintraop_pf_v1_motionx0p25_phasex0p25_seed21_baseline_mc_svd,runs/sim_eval/simus_motion_ladder_intraop_paper_seed21/eval/simus_clinintraop_pf_v1_motionx0p25_phasex0p25_seed21/simus_clinintraop_pf_v1_motionx0p25_phasex0p25_seed21_stap,fusion_rank_min,1.4349414110183716,0.15000000596046448,0.3700172349268422,0.3102845666973684,0.5692003828184358,426,12046,290,290,0.5763883205147092,0.28937995790836973,8.301510874979246e-05,0.0034482758620689655,0.9955503116250041,0.0,0.00016603021749958492,0.0,0.0,0.9644800087809557,0.0,0.001079196413747302,0.006896551724137931,0.006896551724137931,0.5579950958490372,0.2511737089201878,0.15947202390835133,0.5689655172413793,0.5689655172413793,0.33207201957702637,0.5,0.41383031711771545,0.7655172413793103,0.7655172413793103,0.17593836411833763,0.7488262910798122,0.659222978582102,0.8793103448275862,0.8793103448275862
intraop025,ClinIntraOp-Pf-v1+motionx0p25_phasex0p25,paper,runs/sim_eval/simus_motion_ladder_intraop_paper_seed21/runs/simus_clinintraop_pf_v1_motionx0p25_phasex0p25_seed21,runs/sim_eval/simus_motion_ladder_intraop_paper_seed21/eval/simus_clinintraop_pf_v1_motionx0p25_phasex0p25_seed21/simus_clinintraop_pf_v1_motionx0p25_phasex0p25_seed21_baseline_mc_svd,runs/sim_eval/simus_motion_ladder_intraop_paper_seed21/eval/simus_clinintraop_pf_v1_motionx0p25_phasex0p25_seed21/simus_clinintraop_pf_v1_motionx0p25_phasex0p25_seed21_stap,fusion_tail_fisher,1.4349414110183716,0.15000000596046448,1.947114383985459,1.7543485680407631,3.8349500915099837,426,12046,290,290,0.5666521682533076,0.12276185850736604,8.301510874979246e-05,0.0034482758620689655,12.343633470058736,0.0,0.00016603021749958492,0.0,0.0,9.163941507339471,0.0,0.001079196413747302,0.0034482758620689655,0.0034482758620689655,2.519373893737793,0.2511737089201878,0.2092810891582268,0.8517241379310345,0.8517241379310345,1.7043545842170715,0.5,0.4206375560351984,0.993103448275862,0.993103448275862,1.1176137626171112,0.7488262910798122,0.6429520172671426,1.0,1.0
intraop025,ClinIntraOp-Pf-v1+motionx0p25_phasex0p25,paper,runs/sim_eval/simus_motion_ladder_intraop_paper_seed21/runs/simus_clinintraop_pf_v1_motionx0p25_phasex0p25_seed21,runs/sim_eval/simus_motion_ladder_intraop_paper_seed21/eval/simus_clinintraop_pf_v1_motionx0p25_phasex0p25_seed21/simus_clinintraop_pf_v1_motionx0p25_phasex0p25_seed21_baseline_mc_svd,runs/sim_eval/simus_motion_ladder_intraop_paper_seed21/eval/simus_clinintraop_pf_v1_motionx0p25_phasex0p25_seed21/simus_clinintraop_pf_v1_motionx0p25_phasex0p25_seed21_stap,fusion_tail_min,1.4349414110183716,0.15000000596046448,0.5525019090199633,0.44473756333113595,1.105262173076385,426,12046,290,290,0.5763883205147092,0.28937995790836973,8.301510874979246e-05,0.0034482758620689655,5.422795001268439,0.0,0.00016603021749958492,0.0,0.0,3.338361552953707,0.0,0.001079196413747302,0.006896551724137931,0.006896551724137931,0.8164344280958176,0.2511737089201878,0.15947202390835133,0.5689655172413793,0.5689655172413793,0.40357501804828644,0.5,0.41374730200896565,0.7655172413793103,0.7655172413793103,0.19351058080792427,0.7488262910798122,0.659222978582102,0.8793103448275862,0.8793103448275862
intraop025,ClinIntraOp-Pf-v1+motionx0p25_phasex0p25,paper,runs/sim_eval/simus_motion_ladder_intraop_paper_seed21/runs/simus_clinintraop_pf_v1_motionx0p25_phasex0p25_seed21,runs/sim_eval/simus_motion_ladder_intraop_paper_seed21/eval/simus_clinintraop_pf_v1_motionx0p25_phasex0p25_seed21/simus_clinintraop_pf_v1_motionx0p25_phasex0p25_seed21_baseline_mc_svd,runs/sim_eval/simus_motion_ladder_intraop_paper_seed21/eval/simus_clinintraop_pf_v1_motionx0p25_phasex0p25_seed21/simus_clinintraop_pf_v1_motionx0p25_phasex0p25_seed21_stap,fusion_zsum,1.4349414110183716,0.15000000596046448,0.2841176621510949,0.10267980716996997,2.2547037754593227,426,12046,290,290,0.5630569904567702,0.09289299012465599,8.301510874979246e-05,0.0034482758620689655,23.342489913941243,0.0,0.00016603021749958492,0.0,0.0,9.068243298530541,0.0,0.001079196413747302,0.0,0.0,0.8902439773082733,0.2511737089201878,0.18885937240577785,0.8896551724137931,0.8896551724137931,0.20582497119903564,0.5,0.41241906026896896,0.9758620689655172,0.9758620689655172,-0.42104413360357285,0.7488262910798122,0.673999667939565,1.0,1.0
intraop025,ClinIntraOp-Pf-v1+motionx0p25_phasex0p25,paper,runs/sim_eval/simus_motion_ladder_intraop_paper_seed21/runs/simus_clinintraop_pf_v1_motionx0p25_phasex0p25_seed21,runs/sim_eval/simus_motion_ladder_intraop_paper_seed21/eval/simus_clinintraop_pf_v1_motionx0p25_phasex0p25_seed21/simus_clinintraop_pf_v1_motionx0p25_phasex0p25_seed21_baseline_mc_svd,runs/sim_eval/simus_motion_ladder_intraop_paper_seed21/eval/simus_clinintraop_pf_v1_motionx0p25_phasex0p25_seed21/simus_clinintraop_pf_v1_motionx0p25_phasex0p25_seed21_stap,fusion_base_x_rankstap,1.4349414110183716,0.15000000596046448,3451013.5147114787,2901073.683772921,10018423.312068965,426,12046,290,290,0.5733526177820701,0.1613080783551886,8.301510874979246e-05,0.0034482758620689655,72574012.7400027,0.0,0.00016603021749958492,0.0,0.0,42120112.41999993,0.0,0.001079196413747302,0.0,0.0,4823511.125,0.2511737089201878,0.1706790635895733,0.7655172413793103,0.7655172413793103,2566682.5,0.5,0.4042835796114893,0.8931034482758621,0.8931034482758621,1245245.28125,0.7488262910798122,0.6480989540096298,0.9379310344827586,0.9379310344827586
intraop025,ClinIntraOp-Pf-v1+motionx0p25_phasex0p25,paper,runs/sim_eval/simus_motion_ladder_intraop_paper_seed21/runs/simus_clinintraop_pf_v1_motionx0p25_phasex0p25_seed21,runs/sim_eval/simus_motion_ladder_intraop_paper_seed21/eval/simus_clinintraop_pf_v1_motionx0p25_phasex0p25_seed21/simus_clinintraop_pf_v1_motionx0p25_phasex0p25_seed21_baseline_mc_svd,runs/sim_eval/simus_motion_ladder_intraop_paper_seed21/eval/simus_clinintraop_pf_v1_motionx0p25_phasex0p25_seed21/simus_clinintraop_pf_v1_motionx0p25_phasex0p25_seed21_stap,fusion_base_x_tailstap,1.4349414110183716,0.15000000596046448,6785511.253907396,5893867.762694636,21737545.890517242,426,12046,290,290,0.5576331418139697,0.21486158329286062,8.301510874979246e-05,0.0034482758620689655,303790131.97601104,0.0,0.00016603021749958492,0.0,0.0,128485481.43999994,0.0,0.001079196413747302,0.0034482758620689655,0.0034482758620689655,9096615.25,0.2511737089201878,0.18030881620454922,0.6862068965517242,0.6862068965517242,3892978.75,0.5,0.416403785488959,0.8586206896551725,0.8586206896551725,1506920.3125,0.7488262910798122,0.6710111240245725,0.9275862068965517,0.9275862068965517
intraop025,ClinIntraOp-Pf-v1+motionx0p25_phasex0p25,paper,runs/sim_eval/simus_motion_ladder_intraop_paper_seed21/runs/simus_clinintraop_pf_v1_motionx0p25_phasex0p25_seed21,runs/sim_eval/simus_motion_ladder_intraop_paper_seed21/eval/simus_clinintraop_pf_v1_motionx0p25_phasex0p25_seed21/simus_clinintraop_pf_v1_motionx0p25_phasex0p25_seed21_baseline_mc_svd,runs/sim_eval/simus_motion_ladder_intraop_paper_seed21/eval/simus_clinintraop_pf_v1_motionx0p25_phasex0p25_seed21/simus_clinintraop_pf_v1_motionx0p25_phasex0p25_seed21_stap,fusion_base_x_zstap_pos,1.4349414110183716,0.15000000596046448,2131952.605991417,1840505.9548732878,7361641.632266972,426,12046,290,290,0.5193586946439276,0.3496357455075279,8.301510874979246e-05,0.0034482758620689655,120232455.77600323,0.0,0.00016603021749958492,0.0,0.0,55201668.35999987,0.0,0.001079196413747302,0.0034482758620689655,0.0034482758620689655,2979688.1875,0.2511737089201878,0.19035364436327412,0.5482758620689655,0.5482758620689655,0.0,1.0,1.0,1.0,1.0,0.0,1.0,1.0,1.0,1.0
intraop1,ClinIntraOp-Pf-v1+motionx1_phasex1,paper,runs/sim_eval/simus_motion_ladder_intraop_paper_seed21/runs/simus_clinintraop_pf_v1_motionx1_phasex1_seed21,runs/sim_eval/simus_motion_ladder_intraop_paper_seed21/eval/simus_clinintraop_pf_v1_motionx1_phasex1_seed21/simus_clinintraop_pf_v1_motionx1_phasex1_seed21_baseline_mc_svd,runs/sim_eval/simus_motion_ladder_intraop_paper_seed21/eval/simus_clinintraop_pf_v1_motionx1_phasex1_seed21/simus_clinintraop_pf_v1_motionx1_phasex1_seed21_stap,baseline_score,1.6264997720718384,0.6000000238418579,5643333.220070423,5573315.389956987,14613642.939655172,426,12046,290,290,0.5903763663390493,0.03568075117370892,8.301510874979246e-05,0.0034482758620689655,125842653.46400137,0.0,0.00016603021749958492,0.0,0.0,81298200.83999999,0.0,0.001079196413747302,0.0,0.0,7155676.5,0.2511737089201878,0.21243566329071892,0.996551724137931,0.996551724137931,5005362.0,0.5,0.3710775361115723,1.0,1.0,3440984.5625,0.7488262910798122,0.592810891582268,1.0,1.0
intraop1,ClinIntraOp-Pf-v1+motionx1_phasex1,paper,runs/sim_eval/simus_motion_ladder_intraop_paper_seed21/runs/simus_clinintraop_pf_v1_motionx1_phasex1_seed21,runs/sim_eval/simus_motion_ladder_intraop_paper_seed21/eval/simus_clinintraop_pf_v1_motionx1_phasex1_seed21/simus_clinintraop_pf_v1_motionx1_phasex1_seed21_baseline_mc_svd,runs/sim_eval/simus_motion_ladder_intraop_paper_seed21/eval/simus_clinintraop_pf_v1_motionx1_phasex1_seed21/simus_clinintraop_pf_v1_motionx1_phasex1_seed21_stap,stap_detector,1.6264997720718384,0.6000000238418579,1.3315669897016784,1.3428255360664452,1.3735616856607897,426,12046,290,290,0.46022475268902696,0.34398575360207223,8.301510874979246e-05,0.0034482758620689655,1.704176236987114,0.0,0.00016603021749958492,0.0,0.0,1.5997737360000606,0.0,0.001079196413747302,0.0034482758620689655,0.0034482758620689655,1.3786274790763855,0.2511737089201878,0.297609164868006,0.42758620689655175,0.42758620689655175,1.3339553475379944,0.5,0.539183131329902,0.7137931034482758,0.7137931034482758,1.2818781435489655,0.7488262910798122,0.8026730865017433,0.9,0.9
intraop1,ClinIntraOp-Pf-v1+motionx1_phasex1,paper,runs/sim_eval/simus_motion_ladder_intraop_paper_seed21/runs/simus_clinintraop_pf_v1_motionx1_phasex1_seed21,runs/sim_eval/simus_motion_ladder_intraop_paper_seed21/eval/simus_clinintraop_pf_v1_motionx1_phasex1_seed21/simus_clinintraop_pf_v1_motionx1_phasex1_seed21_baseline_mc_svd,runs/sim_eval/simus_motion_ladder_intraop_paper_seed21/eval/simus_clinintraop_pf_v1_motionx1_phasex1_seed21/simus_clinintraop_pf_v1_motionx1_phasex1_seed21_stap,fusion_rank_product,1.6264997720718384,0.6000000238418579,0.2386843201655407,0.21940969840936725,0.5335437434821807,426,12046,290,290,0.5480497685320512,0.17099724785494577,8.301510874979246e-05,0.0034482758620689655,0.9760546775460259,0.0,0.00016603021749958492,0.0,0.0,0.9121140122413631,0.0,0.001079196413747302,0.020689655172413793,0.020689655172413793,0.3669102340936661,0.2511737089201878,0.2103602855719741,0.7379310344827587,0.7379310344827587,0.19726913422346115,0.5,0.4357463058276606,0.8793103448275862,0.8793103448275862,0.09167399629950523,0.7488262910798122,0.6660302174995849,0.9655172413793104,0.9655172413793104
intraop1,ClinIntraOp-Pf-v1+motionx1_phasex1,paper,runs/sim_eval/simus_motion_ladder_intraop_paper_seed21/runs/simus_clinintraop_pf_v1_motionx1_phasex1_seed21,runs/sim_eval/simus_motion_ladder_intraop_paper_seed21/eval/simus_clinintraop_pf_v1_motionx1_phasex1_seed21/simus_clinintraop_pf_v1_motionx1_phasex1_seed21_baseline_mc_svd,runs/sim_eval/simus_motion_ladder_intraop_paper_seed21/eval/simus_clinintraop_pf_v1_motionx1_phasex1_seed21/simus_clinintraop_pf_v1_motionx1_phasex1_seed21_stap,fusion_rank_min,1.6264997720718384,0.6000000238418579,0.342865984825671,0.3077996258885064,0.5966836772987555,426,12046,290,290,0.55560648188205,0.22094058604500566,8.301510874979246e-05,0.0034482758620689655,0.9773145131170757,0.0,0.00016603021749958492,0.0,0.0,0.9393902921676636,0.0,0.001079196413747302,0.017241379310344827,0.017241379310344827,0.5072779804468155,0.2511737089201878,0.1971608832807571,0.6655172413793103,0.6655172413793103,0.31083308160305023,0.5,0.43782168354640544,0.8172413793103448,0.8172413793103448,0.16611230000853539,0.7488262910798122,0.677984393159555,0.9206896551724137,0.9206896551724137
intraop1,ClinIntraOp-Pf-v1+motionx1_phasex1,paper,runs/sim_eval/simus_motion_ladder_intraop_paper_seed21/runs/simus_clinintraop_pf_v1_motionx1_phasex1_seed21,runs/sim_eval/simus_motion_ladder_intraop_paper_seed21/eval/simus_clinintraop_pf_v1_motionx1_phasex1_seed21/simus_clinintraop_pf_v1_motionx1_phasex1_seed21_baseline_mc_svd,runs/sim_eval/simus_motion_ladder_intraop_paper_seed21/eval/simus_clinintraop_pf_v1_motionx1_phasex1_seed21/simus_clinintraop_pf_v1_motionx1_phasex1_seed21_stap,fusion_tail_fisher,1.6264997720718384,0.6000000238418579,1.701834983878852,1.7937773032756852,3.560351250089448,426,12046,290,290,0.5073956523467553,0.09979763639307107,8.301510874979246e-05,0.0034482758620689655,11.187718198299592,0.0,0.00016603021749958492,0.0,0.0,8.896950216293334,0.0,0.001079196413747302,0.0034482758620689655,0.0034482758620689655,2.2237085700035095,0.2511737089201878,0.2776855387680558,0.8896551724137931,0.8896551724137931,1.5623685717582703,0.5,0.48065747966129835,0.996551724137931,0.996551724137931,1.0342965722084045,0.7488262910798122,0.6967458077370081,1.0,1.0
intraop1,ClinIntraOp-Pf-v1+motionx1_phasex1,paper,runs/sim_eval/simus_motion_ladder_intraop_paper_seed21/runs/simus_clinintraop_pf_v1_motionx1_phasex1_seed21,runs/sim_eval/simus_motion_ladder_intraop_paper_seed21/eval/simus_clinintraop_pf_v1_motionx1_phasex1_seed21/simus_clinintraop_pf_v1_motionx1_phasex1_seed21_baseline_mc_svd,runs/sim_eval/simus_motion_ladder_intraop_paper_seed21/eval/simus_clinintraop_pf_v1_motionx1_phasex1_seed21/simus_clinintraop_pf_v1_motionx1_phasex1_seed21_stap,fusion_tail_min,1.6264997720718384,0.6000000238418579,0.47830178232168336,0.4368000862265091,1.1363714381570702,426,12046,290,290,0.55560648188205,0.22094058604500566,8.301510874979246e-05,0.0034482758620689655,3.7885047961473766,0.0,0.00016603021749958492,0.0,0.0,2.8033002007007597,0.0,0.001079196413747302,0.017241379310344827,0.017241379310344827,0.7078102082014084,0.2511737089201878,0.1971608832807571,0.6655172413793103,0.6655172413793103,0.37227191030979156,0.5,0.43782168354640544,0.8172413793103448,0.8172413793103448,0.18165715411305428,0.7488262910798122,0.677984393159555,0.9206896551724137,0.9206896551724137
intraop1,ClinIntraOp-Pf-v1+motionx1_phasex1,paper,runs/sim_eval/simus_motion_ladder_intraop_paper_seed21/runs/simus_clinintraop_pf_v1_motionx1_phasex1_seed21,runs/sim_eval/simus_motion_ladder_intraop_paper_seed21/eval/simus_clinintraop_pf_v1_motionx1_phasex1_seed21/simus_clinintraop_pf_v1_motionx1_phasex1_seed21_baseline_mc_svd,runs/sim_eval/simus_motion_ladder_intraop_paper_seed21/eval/simus_clinintraop_pf_v1_motionx1_phasex1_seed21/simus_clinintraop_pf_v1_motionx1_phasex1_seed21_stap,fusion_zsum,1.6264997720718384,0.6000000238418579,0.10661094336871041,0.21264623668861704,2.1216728765389017,426,12046,290,290,0.5017444865106294,0.06314553990610329,8.301510874979246e-05,0.0034482758620689655,20.738930398941086,0.0,0.00016603021749958492,0.0,0.0,12.867054266929626,0.0,0.001079196413747302,0.0,0.0,0.6908569186925888,0.2511737089201878,0.25942221484310146,0.9275862068965517,0.9275862068965517,0.10018474236130714,0.5,0.4767557695500581,0.9896551724137931,0.9896551724137931,-0.4641539230942726,0.7488262910798122,0.7199900381869501,0.996551724137931,0.996551724137931
intraop1,ClinIntraOp-Pf-v1+motionx1_phasex1,paper,runs/sim_eval/simus_motion_ladder_intraop_paper_seed21/runs/simus_clinintraop_pf_v1_motionx1_phasex1_seed21,runs/sim_eval/simus_motion_ladder_intraop_paper_seed21/eval/simus_clinintraop_pf_v1_motionx1_phasex1_seed21/simus_clinintraop_pf_v1_motionx1_phasex1_seed21_baseline_mc_svd,runs/sim_eval/simus_motion_ladder_intraop_paper_seed21/eval/simus_clinintraop_pf_v1_motionx1_phasex1_seed21/simus_clinintraop_pf_v1_motionx1_phasex1_seed21_stap,fusion_base_x_rankstap,1.6264997720718384,0.6000000238418579,2539535.8589623678,2678094.4621715136,8981435.072332975,426,12046,290,290,0.5324978817506288,0.10205601424639793,8.301510874979246e-05,0.0034482758620689655,95088176.07200286,0.0,0.00016603021749958492,0.0,0.0,40892201.95999989,0.0,0.001079196413747302,0.0,0.0,3809797.625,0.2511737089201878,0.20513033372073716,0.8413793103448276,0.8413793103448276,1951922.25,0.5,0.45650008301510875,0.9310344827586207,0.9310344827586207,983337.09375,0.7488262910798122,0.693176158060767,0.9793103448275862,0.9793103448275862
intraop1,ClinIntraOp-Pf-v1+motionx1_phasex1,paper,runs/sim_eval/simus_motion_ladder_intraop_paper_seed21/runs/simus_clinintraop_pf_v1_motionx1_phasex1_seed21,runs/sim_eval/simus_motion_ladder_intraop_paper_seed21/eval/simus_clinintraop_pf_v1_motionx1_phasex1_seed21/simus_clinintraop_pf_v1_motionx1_phasex1_seed21_baseline_mc_svd,runs/sim_eval/simus_motion_ladder_intraop_paper_seed21/eval/simus_clinintraop_pf_v1_motionx1_phasex1_seed21/simus_clinintraop_pf_v1_motionx1_phasex1_seed21_stap,fusion_base_x_tailstap,1.6264997720718384,0.6000000238418579,4573274.354235152,5391867.289878722,20997292.99372306,426,12046,290,290,0.5123008514310168,0.1472235713129351,8.301510874979246e-05,0.0034482758620689655,269660203.68000335,0.0,0.00016603021749958492,0.0,0.0,112423544.51999983,0.0,0.001079196413747302,0.0034482758620689655,0.0034482758620689655,6263989.5,0.2511737089201878,0.244396480159389,0.7931034482758621,0.7931034482758621,2971688.25,0.5,0.45973767225635065,0.903448275862069,0.903448275862069,1112976.375,0.7488262910798122,0.7282085339531795,0.9793103448275862,0.9793103448275862
intraop1,ClinIntraOp-Pf-v1+motionx1_phasex1,paper,runs/sim_eval/simus_motion_ladder_intraop_paper_seed21/runs/simus_clinintraop_pf_v1_motionx1_phasex1_seed21,runs/sim_eval/simus_motion_ladder_intraop_paper_seed21/eval/simus_clinintraop_pf_v1_motionx1_phasex1_seed21/simus_clinintraop_pf_v1_motionx1_phasex1_seed21_baseline_mc_svd,runs/sim_eval/simus_motion_ladder_intraop_paper_seed21/eval/simus_clinintraop_pf_v1_motionx1_phasex1_seed21/simus_clinintraop_pf_v1_motionx1_phasex1_seed21_stap,fusion_base_x_zstap_pos,1.6264997720718384,0.6000000238418579,1262498.5921957525,1671651.1323952319,7326574.494317469,426,12046,290,290,0.4773178753744449,0.29108790675084995,8.301510874979246e-05,0.0034482758620689655,109413654.4320017,0.0,0.00016603021749958492,0.0,0.0,44376301.55999999,0.0,0.001079196413747302,0.006896551724137931,0.006896551724137931,1826256.8125,0.2511737089201878,0.25286402125186785,0.5862068965517241,0.5862068965517241,0.0,1.0,1.0,1.0,1.0,0.0,1.0,1.0,1.0,1.0
mobile025,ClinMobile-Pf-v1+motionx0p25_phasex0p25,paper,runs/sim_eval/simus_motion_ladder_mobile_paper_seed21/runs/simus_clinmobile_pf_v1_motionx0p25_phasex0p25_seed21,runs/sim_eval/simus_motion_ladder_mobile_paper_seed21/eval/simus_clinmobile_pf_v1_motionx0p25_phasex0p25_seed21/simus_clinmobile_pf_v1_motionx0p25_phasex0p25_seed21_baseline_mc_svd,runs/sim_eval/simus_motion_ladder_mobile_paper_seed21/eval/simus_clinmobile_pf_v1_motionx0p25_phasex0p25_seed21/simus_clinmobile_pf_v1_motionx0p25_phasex0p25_seed21_stap,baseline_score,1.4703929424285889,0.13218560814857483,5942807.922535211,5758213.115266479,16274817.836206896,426,12046,348,348,0.5656879458164672,0.0346379040526685,8.301510874979246e-05,0.0028735632183908046,126173544.59600264,0.0,0.00016603021749958492,0.0,0.0,72416942.27999993,0.0,0.001079196413747302,0.0,0.0,7264503.375,0.2511737089201878,0.2225635065581936,0.9913793103448276,0.9913793103448276,5196213.75,0.5,0.405611821351486,1.0,1.0,3499639.5625,0.7488262910798122,0.6560684044496098,1.0,1.0
mobile025,ClinMobile-Pf-v1+motionx0p25_phasex0p25,paper,runs/sim_eval/simus_motion_ladder_mobile_paper_seed21/runs/simus_clinmobile_pf_v1_motionx0p25_phasex0p25_seed21,runs/sim_eval/simus_motion_ladder_mobile_paper_seed21/eval/simus_clinmobile_pf_v1_motionx0p25_phasex0p25_seed21/simus_clinmobile_pf_v1_motionx0p25_phasex0p25_seed21_baseline_mc_svd,runs/sim_eval/simus_motion_ladder_mobile_paper_seed21/eval/simus_clinmobile_pf_v1_motionx0p25_phasex0p25_seed21/simus_clinmobile_pf_v1_motionx0p25_phasex0p25_seed21_stap,stap_detector,1.4703929424285889,0.13218560814857483,1.3219959125832212,1.3245179474541817,1.3366206932341915,426,12046,348,348,0.4957936088499562,0.4506097890022125,8.301510874979246e-05,0.0028735632183908046,1.675101955890656,0.0,0.00016603021749958492,0.0,0.0,1.6159257417917248,0.0,0.001079196413747302,0.0,0.0,1.3742145001888275,0.2511737089201878,0.23152913830317118,0.28735632183908044,0.28735632183908044,1.3219562768936157,0.5,0.4967624107587581,0.5660919540229885,0.5660919540229885,1.2683831453323364,0.7488262910798122,0.7893076539930267,0.8448275862068966,0.8448275862068966
mobile025,ClinMobile-Pf-v1+motionx0p25_phasex0p25,paper,runs/sim_eval/simus_motion_ladder_mobile_paper_seed21/runs/simus_clinmobile_pf_v1_motionx0p25_phasex0p25_seed21,runs/sim_eval/simus_motion_ladder_mobile_paper_seed21/eval/simus_clinmobile_pf_v1_motionx0p25_phasex0p25_seed21/simus_clinmobile_pf_v1_motionx0p25_phasex0p25_seed21_baseline_mc_svd,runs/sim_eval/simus_motion_ladder_mobile_paper_seed21/eval/simus_clinmobile_pf_v1_motionx0p25_phasex0p25_seed21/simus_clinmobile_pf_v1_motionx0p25_phasex0p25_seed21_stap,fusion_rank_product,1.4703929424285889,0.13218560814857483,0.2456326623845675,0.22806679319016893,0.48276972414888225,426,12046,348,348,0.5398139292337121,0.23890372888673034,8.301510874979246e-05,0.0028735632183908046,0.978603354632855,0.0,0.00016603021749958492,0.0,0.0,0.9483841547369952,0.0,0.001079196413747302,0.0028735632183908046,0.0028735632183908046,0.36888039857149124,0.2511737089201878,0.23161215341192096,0.6494252873563219,0.6494252873563219,0.19841429591178894,0.5,0.44031213680889925,0.8390804597701149,0.8390804597701149,0.08118131011724472,0.7488262910798122,0.6885273119707787,0.9224137931034483,0.9224137931034483
mobile025,ClinMobile-Pf-v1+motionx0p25_phasex0p25,paper,runs/sim_eval/simus_motion_ladder_mobile_paper_seed21/runs/simus_clinmobile_pf_v1_motionx0p25_phasex0p25_seed21,runs/sim_eval/simus_motion_ladder_mobile_paper_seed21/eval/simus_clinmobile_pf_v1_motionx0p25_phasex0p25_seed21/simus_clinmobile_pf_v1_motionx0p25_phasex0p25_seed21_baseline_mc_svd,runs/sim_eval/simus_motion_ladder_mobile_paper_seed21/eval/simus_clinmobile_pf_v1_motionx0p25_phasex0p25_seed21/simus_clinmobile_pf_v1_motionx0p25_phasex0p25_seed21_stap,fusion_rank_min,1.4703929424285889,0.13218560814857483,0.338606821609215,0.3191908795278932,0.5340707959371737,426,12046,348,348,0.5302721609417421,0.2942839026496142,8.301510874979246e-05,0.0028735632183908046,0.986971215516329,0.0,0.00016603021749958492,0.0,0.0,0.9637793740630147,0.0,0.001079196413747302,0.0028735632183908046,0.0028735632183908046,0.5005187764763832,0.2511737089201878,0.22978582101942555,0.5574712643678161,0.5574712643678161,0.3050656169652939,0.5,0.46446953345508885,0.75,0.75,0.15155630558729172,0.7488262910798122,0.7093641042669766,0.8793103448275862,0.8793103448275862
mobile025,ClinMobile-Pf-v1+motionx0p25_phasex0p25,paper,runs/sim_eval/simus_motion_ladder_mobile_paper_seed21/runs/simus_clinmobile_pf_v1_motionx0p25_phasex0p25_seed21,runs/sim_eval/simus_motion_ladder_mobile_paper_seed21/eval/simus_clinmobile_pf_v1_motionx0p25_phasex0p25_seed21/simus_clinmobile_pf_v1_motionx0p25_phasex0p25_seed21_baseline_mc_svd,runs/sim_eval/simus_motion_ladder_mobile_paper_seed21/eval/simus_clinmobile_pf_v1_motionx0p25_phasex0p25_seed21/simus_clinmobile_pf_v1_motionx0p25_phasex0p25_seed21_stap,fusion_tail_fisher,1.4703929424285889,0.13218560814857483,1.8243077217553143,1.7732438109951194,3.470905751675025,426,12046,348,348,0.5378285819850198,0.13668987102692784,8.301510874979246e-05,0.0028735632183908046,10.16870377731333,0.0,0.00016603021749958492,0.0,0.0,8.78140519618988,0.0,0.001079196413747302,0.0028735632183908046,0.0028735632183908046,2.416977345943451,0.2511737089201878,0.23659305993690852,0.8132183908045977,0.8132183908045977,1.629645586013794,0.5,0.43881786485140295,0.9913793103448276,0.9913793103448276,1.058495670557022,0.7488262910798122,0.6593890087996015,1.0,1.0
mobile025,ClinMobile-Pf-v1+motionx0p25_phasex0p25,paper,runs/sim_eval/simus_motion_ladder_mobile_paper_seed21/runs/simus_clinmobile_pf_v1_motionx0p25_phasex0p25_seed21,runs/sim_eval/simus_motion_ladder_mobile_paper_seed21/eval/simus_clinmobile_pf_v1_motionx0p25_phasex0p25_seed21/simus_clinmobile_pf_v1_motionx0p25_phasex0p25_seed21_baseline_mc_svd,runs/sim_eval/simus_motion_ladder_mobile_paper_seed21/eval/simus_clinmobile_pf_v1_motionx0p25_phasex0p25_seed21/simus_clinmobile_pf_v1_motionx0p25_phasex0p25_seed21_stap,fusion_tail_min,1.4703929424285889,0.13218560814857483,0.48546678370997276,0.4645006258070519,0.9960201377980411,426,12046,348,348,0.5302721609417421,0.2942839026496142,8.301510874979246e-05,0.0028735632183908046,4.341094390869154,0.0,0.00016603021749958492,0.0,0.0,3.318301388025277,0.0,0.001079196413747302,0.0028735632183908046,0.0028735632183908046,0.6941875219345093,0.2511737089201878,0.22978582101942555,0.5574712643678161,0.5574712643678161,0.36395104229450226,0.5,0.46446953345508885,0.75,0.75,0.1643531285226345,0.7488262910798122,0.7093641042669766,0.8793103448275862,0.8793103448275862
mobile025,ClinMobile-Pf-v1+motionx0p25_phasex0p25,paper,runs/sim_eval/simus_motion_ladder_mobile_paper_seed21/runs/simus_clinmobile_pf_v1_motionx0p25_phasex0p25_seed21,runs/sim_eval/simus_motion_ladder_mobile_paper_seed21/eval/simus_clinmobile_pf_v1_motionx0p25_phasex0p25_seed21/simus_clinmobile_pf_v1_motionx0p25_phasex0p25_seed21_baseline_mc_svd,runs/sim_eval/simus_motion_ladder_mobile_paper_seed21/eval/simus_clinmobile_pf_v1_motionx0p25_phasex0p25_seed21/simus_clinmobile_pf_v1_motionx0p25_phasex0p25_seed21_stap,fusion_zsum,1.4703929424285889,0.13218560814857483,0.16697779093637294,0.16090197329184514,2.1723031072781005,426,12046,348,348,0.527693820791816,0.08735362365765474,8.301510874979246e-05,0.0028735632183908046,20.52443438720717,0.0,0.00016603021749958492,0.0,0.0,11.545741467475889,0.0,0.001079196413747302,0.0,0.0,0.7736829966306686,0.2511737089201878,0.23103104765067242,0.9080459770114943,0.9080459770114943,0.10336273163557053,0.5,0.45185123692512036,0.9770114942528736,0.9770114942528736,-0.5353543311357498,0.7488262910798122,0.718412751120704,0.9971264367816092,0.9971264367816092
mobile025,ClinMobile-Pf-v1+motionx0p25_phasex0p25,paper,runs/sim_eval/simus_motion_ladder_mobile_paper_seed21/runs/simus_clinmobile_pf_v1_motionx0p25_phasex0p25_seed21,runs/sim_eval/simus_motion_ladder_mobile_paper_seed21/eval/simus_clinmobile_pf_v1_motionx0p25_phasex0p25_seed21/simus_clinmobile_pf_v1_motionx0p25_phasex0p25_seed21_baseline_mc_svd,runs/sim_eval/simus_motion_ladder_mobile_paper_seed21/eval/simus_clinmobile_pf_v1_motionx0p25_phasex0p25_seed21/simus_clinmobile_pf_v1_motionx0p25_phasex0p25_seed21_stap,fusion_base_x_rankstap,1.4703929424285889,0.13218560814857483,2883605.7354501355,2907871.359982362,8869079.585600754,426,12046,348,348,0.5337542160372718,0.15915897684960337,8.301510874979246e-05,0.0028735632183908046,95565527.23600535,0.0,0.00016603021749958492,0.0,0.0,46554408.82,0.0,0.001079196413747302,0.0,0.0,3948862.3125,0.2511737089201878,0.23177818362942054,0.7816091954022989,0.7816091954022989,2200492.375,0.5,0.44205545409264485,0.8936781609195402,0.8936781609195402,1026247.03125,0.7488262910798122,0.690768719907023,0.9482758620689655,0.9482758620689655
mobile025,ClinMobile-Pf-v1+motionx0p25_phasex0p25,paper,runs/sim_eval/simus_motion_ladder_mobile_paper_seed21/runs/simus_clinmobile_pf_v1_motionx0p25_phasex0p25_seed21,runs/sim_eval/simus_motion_ladder_mobile_paper_seed21/eval/simus_clinmobile_pf_v1_motionx0p25_phasex0p25_seed21/simus_clinmobile_pf_v1_motionx0p25_phasex0p25_seed21_baseline_mc_svd,runs/sim_eval/simus_motion_ladder_mobile_paper_seed21/eval/simus_clinmobile_pf_v1_motionx0p25_phasex0p25_seed21/simus_clinmobile_pf_v1_motionx0p25_phasex0p25_seed21_stap,fusion_base_x_tailstap,1.4703929424285889,0.13218560814857483,5655330.528712313,6050596.952669678,18895752.572871767,426,12046,348,348,0.5290800366981344,0.22122389509470616,8.301510874979246e-05,0.0028735632183908046,217100841.28000256,0.0,0.00016603021749958492,0.0,0.0,134065297.23999985,0.0,0.001079196413747302,0.0028735632183908046,0.0028735632183908046,7414940.875,0.2511737089201878,0.231197077868172,0.6666666666666666,0.6666666666666666,3289106.0,0.5,0.44579113398638553,0.853448275862069,0.853448275862069,1167826.84375,0.7488262910798122,0.7152581769882118,0.9425287356321839,0.9425287356321839
mobile025,ClinMobile-Pf-v1+motionx0p25_phasex0p25,paper,runs/sim_eval/simus_motion_ladder_mobile_paper_seed21/runs/simus_clinmobile_pf_v1_motionx0p25_phasex0p25_seed21,runs/sim_eval/simus_motion_ladder_mobile_paper_seed21/eval/simus_clinmobile_pf_v1_motionx0p25_phasex0p25_seed21/simus_clinmobile_pf_v1_motionx0p25_phasex0p25_seed21_baseline_mc_svd,runs/sim_eval/simus_motion_ladder_mobile_paper_seed21/eval/simus_clinmobile_pf_v1_motionx0p25_phasex0p25_seed21/simus_clinmobile_pf_v1_motionx0p25_phasex0p25_seed21_stap,fusion_base_x_zstap_pos,1.4703929424285889,0.13218560814857483,1803019.1843227332,1980671.3278398789,6328135.750493893,426,12046,348,348,0.5126081632303089,0.38805245264691596,8.301510874979246e-05,0.0028735632183908046,95856276.7760013,0.0,0.00016603021749958492,0.0,0.0,58025539.97999981,0.0,0.001079196413747302,0.0028735632183908046,0.0028735632183908046,2620327.3125,0.2511737089201878,0.2179146604682052,0.47413793103448276,0.47413793103448276,0.0,1.0,1.0,1.0,1.0,0.0,1.0,1.0,1.0,1.0
mobile1,ClinMobile-Pf-v1+motionx1_phasex1,paper,runs/sim_eval/simus_motion_ladder_mobile_paper_seed21/runs/simus_clinmobile_pf_v1_motionx1_phasex1_seed21,runs/sim_eval/simus_motion_ladder_mobile_paper_seed21/eval/simus_clinmobile_pf_v1_motionx1_phasex1_seed21/simus_clinmobile_pf_v1_motionx1_phasex1_seed21_baseline_mc_svd,runs/sim_eval/simus_motion_ladder_mobile_paper_seed21/eval/simus_clinmobile_pf_v1_motionx1_phasex1_seed21/simus_clinmobile_pf_v1_motionx1_phasex1_seed21_stap,baseline_score,2.441910982131958,0.5287424325942993,4429385.655369719,6390278.5281304475,12319198.359195402,426,12046,348,348,0.42019305494820713,0.023851923803356538,8.301510874979246e-05,0.0028735632183908046,124726702.32800056,0.0,0.00016603021749958492,0.0,0.0,65269923.89999985,0.0,0.001079196413747302,0.0,0.0,5467437.875,0.2511737089201878,0.4096795616802258,0.9971264367816092,0.9971264367816092,4033290.625,0.5,0.5957994354972606,1.0,1.0,2743555.375,0.7488262910798122,0.7845757927942886,1.0,1.0
mobile1,ClinMobile-Pf-v1+motionx1_phasex1,paper,runs/sim_eval/simus_motion_ladder_mobile_paper_seed21/runs/simus_clinmobile_pf_v1_motionx1_phasex1_seed21,runs/sim_eval/simus_motion_ladder_mobile_paper_seed21/eval/simus_clinmobile_pf_v1_motionx1_phasex1_seed21/simus_clinmobile_pf_v1_motionx1_phasex1_seed21_baseline_mc_svd,runs/sim_eval/simus_motion_ladder_mobile_paper_seed21/eval/simus_clinmobile_pf_v1_motionx1_phasex1_seed21/simus_clinmobile_pf_v1_motionx1_phasex1_seed21_stap,stap_detector,2.441910982131958,0.5287424325942993,1.3269009931546423,1.3367328809658674,1.3522363746988362,426,12046,348,348,0.4647310505347654,0.4039447412444013,8.301510874979246e-05,0.0028735632183908046,1.7586482428908365,0.0,0.00016603021749958492,0.0,0.0,1.6081516772508622,0.0,0.001079196413747302,0.0,0.0,1.3756340444087982,0.2511737089201878,0.2828324755105429,0.34770114942528735,0.34770114942528735,1.3278411626815796,0.5,0.5390171011124024,0.6264367816091954,0.6264367816091954,1.2806183993816376,0.7488262910798122,0.7849078532292877,0.8448275862068966,0.8448275862068966
mobile1,ClinMobile-Pf-v1+motionx1_phasex1,paper,runs/sim_eval/simus_motion_ladder_mobile_paper_seed21/runs/simus_clinmobile_pf_v1_motionx1_phasex1_seed21,runs/sim_eval/simus_motion_ladder_mobile_paper_seed21/eval/simus_clinmobile_pf_v1_motionx1_phasex1_seed21/simus_clinmobile_pf_v1_motionx1_phasex1_seed21_baseline_mc_svd,runs/sim_eval/simus_motion_ladder_mobile_paper_seed21/eval/simus_clinmobile_pf_v1_motionx1_phasex1_seed21/simus_clinmobile_pf_v1_motionx1_phasex1_seed21_stap,fusion_rank_product,2.441910982131958,0.5287424325942993,0.1815192111412024,0.22642226902432164,0.45777553815298294,426,12046,348,348,0.4426431854729016,0.17410015649452268,8.301510874979246e-05,0.0028735632183908046,0.9925540149211884,0.0,0.00016603021749958492,0.0,0.0,0.9504829242825507,0.0,0.001079196413747302,0.0,0.0,0.290700301527977,0.2511737089201878,0.3074049477004815,0.7327586206896551,0.7327586206896551,0.11842590570449829,0.5,0.6078366262659805,0.9022988505747126,0.9022988505747126,0.054445759393274784,0.7488262910798122,0.777602523659306,0.9568965517241379,0.9568965517241379
mobile1,ClinMobile-Pf-v1+motionx1_phasex1,paper,runs/sim_eval/simus_motion_ladder_mobile_paper_seed21/runs/simus_clinmobile_pf_v1_motionx1_phasex1_seed21,runs/sim_eval/simus_motion_ladder_mobile_paper_seed21/eval/simus_clinmobile_pf_v1_motionx1_phasex1_seed21/simus_clinmobile_pf_v1_motionx1_phasex1_seed21_baseline_mc_svd,runs/sim_eval/simus_motion_ladder_mobile_paper_seed21/eval/simus_clinmobile_pf_v1_motionx1_phasex1_seed21/simus_clinmobile_pf_v1_motionx1_phasex1_seed21_stap,fusion_rank_min,2.441910982131958,0.5287424325942993,0.2751043341931463,0.3149161105803872,0.534302295078577,426,12046,348,348,0.4568579638771252,0.21559144136851763,8.301510874979246e-05,0.0028735632183908046,0.9929189658164979,0.0,0.00016603021749958492,0.0,0.0,0.965673478245735,0.0,0.001079196413747302,0.0,0.0,0.404211163520813,0.2511737089201878,0.3260833471691848,0.6896551724137931,0.6896551724137931,0.23234666138887405,0.5,0.5747135978748132,0.8390804597701149,0.8390804597701149,0.12798291444778442,0.7488262910798122,0.7502905528806243,0.9252873563218391,0.9252873563218391
mobile1,ClinMobile-Pf-v1+motionx1_phasex1,paper,runs/sim_eval/simus_motion_ladder_mobile_paper_seed21/runs/simus_clinmobile_pf_v1_motionx1_phasex1_seed21,runs/sim_eval/simus_motion_ladder_mobile_paper_seed21/eval/simus_clinmobile_pf_v1_motionx1_phasex1_seed21/simus_clinmobile_pf_v1_motionx1_phasex1_seed21_baseline_mc_svd,runs/sim_eval/simus_motion_ladder_mobile_paper_seed21/eval/simus_clinmobile_pf_v1_motionx1_phasex1_seed21/simus_clinmobile_pf_v1_motionx1_phasex1_seed21_stap,fusion_tail_fisher,2.441910982131958,0.5287424325942993,1.4300213807520452,1.8422953008326792,2.9596272604218843,426,12046,348,348,0.40025968529089195,0.13062570827262426,8.301510874979246e-05,0.0028735632183908046,12.310664507865912,0.0,0.00016603021749958492,0.0,0.0,9.366489644050587,0.0,0.001079196413747302,0.0,0.0,1.870830923318863,0.2511737089201878,0.38826166362277936,0.8620689655172413,0.8620689655172413,1.1523960828781128,0.5,0.6621285073883447,0.9971264367816092,0.9971264367816092,0.7376770973205566,0.7488262910798122,0.8271625435829321,1.0,1.0
mobile1,ClinMobile-Pf-v1+motionx1_phasex1,paper,runs/sim_eval/simus_motion_ladder_mobile_paper_seed21/runs/simus_clinmobile_pf_v1_motionx1_phasex1_seed21,runs/sim_eval/simus_motion_ladder_mobile_paper_seed21/eval/simus_clinmobile_pf_v1_motionx1_phasex1_seed21/simus_clinmobile_pf_v1_motionx1_phasex1_seed21_baseline_mc_svd,runs/sim_eval/simus_motion_ladder_mobile_paper_seed21/eval/simus_clinmobile_pf_v1_motionx1_phasex1_seed21/simus_clinmobile_pf_v1_motionx1_phasex1_seed21_stap,fusion_tail_min,2.441910982131958,0.5287424325942993,0.36537635367650084,0.45390353132502204,0.9363242799199412,426,12046,348,348,0.4568579638771252,0.21559144136851763,8.301510874979246e-05,0.0028735632183908046,4.9504840538501815,0.0,0.00016603021749958492,0.0,0.0,3.3719043052196462,0.0,0.001079196413747302,0.0,0.0,0.5178697407245636,0.2511737089201878,0.3259173169516852,0.6896551724137931,0.6896551724137931,0.2644173502922058,0.5,0.5747135978748132,0.8390804597701149,0.8390804597701149,0.13694673776626587,0.7488262910798122,0.7502075377718744,0.9252873563218391,0.9252873563218391
mobile1,ClinMobile-Pf-v1+motionx1_phasex1,paper,runs/sim_eval/simus_motion_ladder_mobile_paper_seed21/runs/simus_clinmobile_pf_v1_motionx1_phasex1_seed21,runs/sim_eval/simus_motion_ladder_mobile_paper_seed21/eval/simus_clinmobile_pf_v1_motionx1_phasex1_seed21/simus_clinmobile_pf_v1_motionx1_phasex1_seed21_baseline_mc_svd,runs/sim_eval/simus_motion_ladder_mobile_paper_seed21/eval/simus_clinmobile_pf_v1_motionx1_phasex1_seed21/simus_clinmobile_pf_v1_motionx1_phasex1_seed21_stap,fusion_zsum,2.441910982131958,0.5287424325942993,-0.18550817278856543,0.24408865201250016,1.3936631167414544,426,12046,348,348,0.40019089577589506,0.10345502131563326,8.301510874979246e-05,0.0028735632183908046,19.250446655273482,0.0,0.00016603021749958492,0.0,0.0,9.836582303047173,0.0,0.001079196413747302,0.0,0.0,0.33612480759620667,0.2511737089201878,0.3878465880790304,0.8706896551724138,0.8706896551724138,-0.2876238077878952,0.5,0.6524987547733687,0.9712643678160919,0.9712643678160919,-0.7228453010320663,0.7488262910798122,0.8161215341192097,0.9913793103448276,0.9913793103448276
mobile1,ClinMobile-Pf-v1+motionx1_phasex1,paper,runs/sim_eval/simus_motion_ladder_mobile_paper_seed21/runs/simus_clinmobile_pf_v1_motionx1_phasex1_seed21,runs/sim_eval/simus_motion_ladder_mobile_paper_seed21/eval/simus_clinmobile_pf_v1_motionx1_phasex1_seed21/simus_clinmobile_pf_v1_motionx1_phasex1_seed21_baseline_mc_svd,runs/sim_eval/simus_motion_ladder_mobile_paper_seed21/eval/simus_clinmobile_pf_v1_motionx1_phasex1_seed21/simus_clinmobile_pf_v1_motionx1_phasex1_seed21_stap,fusion_base_x_rankstap,2.441910982131958,0.5287424325942993,2090136.781433392,3079376.155417513,6942779.124438757,426,12046,348,348,0.42754788178960307,0.13484161675031028,8.301510874979246e-05,0.0028735632183908046,58353238.90000147,0.0,0.00016603021749958492,0.0,0.0,42316570.63999997,0.0,0.001079196413747302,0.0,0.0,3098311.1875,0.2511737089201878,0.33463390337041343,0.8045977011494253,0.8045977011494253,1452137.6875,0.5,0.6142287896397144,0.9137931034482759,0.9137931034482759,739977.25,0.7488262910798122,0.7810061431180475,0.9626436781609196,0.9626436781609196
mobile1,ClinMobile-Pf-v1+motionx1_phasex1,paper,runs/sim_eval/simus_motion_ladder_mobile_paper_seed21/runs/simus_clinmobile_pf_v1_motionx1_phasex1_seed21,runs/sim_eval/simus_motion_ladder_mobile_paper_seed21/eval/simus_clinmobile_pf_v1_motionx1_phasex1_seed21/simus_clinmobile_pf_v1_motionx1_phasex1_seed21_baseline_mc_svd,runs/sim_eval/simus_motion_ladder_mobile_paper_seed21/eval/simus_clinmobile_pf_v1_motionx1_phasex1_seed21/simus_clinmobile_pf_v1_motionx1_phasex1_seed21_stap,fusion_base_x_tailstap,2.441910982131958,0.5287424325942993,4067338.6307493397,6282659.51742882,14788502.751975575,426,12046,348,348,0.43210435895577126,0.18907506340726352,8.301510874979246e-05,0.0028735632183908046,322343322.75200194,0.0,0.00016603021749958492,0.0,0.0,146493824.55999997,0.0,0.001079196413747302,0.0,0.0,4898445.25,0.2511737089201878,0.35281421218661796,0.7471264367816092,0.7471264367816092,2021771.375,0.5,0.6092478831147269,0.8764367816091954,0.8764367816091954,854197.765625,0.7488262910798122,0.7940395151917649,0.9568965517241379,0.9568965517241379
mobile1,ClinMobile-Pf-v1+motionx1_phasex1,paper,runs/sim_eval/simus_motion_ladder_mobile_paper_seed21/runs/simus_clinmobile_pf_v1_motionx1_phasex1_seed21,runs/sim_eval/simus_motion_ladder_mobile_paper_seed21/eval/simus_clinmobile_pf_v1_motionx1_phasex1_seed21/simus_clinmobile_pf_v1_motionx1_phasex1_seed21_baseline_mc_svd,runs/sim_eval/simus_motion_ladder_mobile_paper_seed21/eval/simus_clinmobile_pf_v1_motionx1_phasex1_seed21/simus_clinmobile_pf_v1_motionx1_phasex1_seed21_stap,fusion_base_x_zstap_pos,2.441910982131958,0.5287424325942993,1244881.1096400588,1946729.0480510998,4867473.08711611,426,12046,348,348,0.4706510411185916,0.3557214937132373,8.301510874979246e-05,0.0028735632183908046,132752213.12800027,0.0,0.00016603021749958492,0.0,0.0,62017008.43999992,0.0,0.001079196413747302,0.0,0.0,1501071.59375,0.2511737089201878,0.30117881454424705,0.5,0.5,0.0,1.0,1.0,1.0,1.0,0.0,1.0,1.0,1.0,1.0
