case,simus_profile,tier,role,method_label,score_label,stap_profile,bundle_dir,motion_disp_rms_px,phase_rms_rad,n_h1_pf_main,n_h0_bg,n_h0_nuisance_pa,n_h1_alias_qc,auc_main_vs_bg,auc_main_vs_nuisance,fpr_floor_bg,fpr_floor_nuisance,thr@1e-04,tpr_main@1e-04,fpr_bg@1e-04,fpr_nuisance@1e-04,tpr_alias_qc@1e-04,thr@1e-03,tpr_main@1e-03,fpr_bg@1e-03,fpr_nuisance@1e-03,tpr_alias_qc@1e-03,thr_match_tpr@0p25,tpr_main_match@0p25,fpr_bg_match@0p25,fpr_nuisance_match@0p25,tpr_alias_qc_match@0p25,thr_match_tpr@0p5,tpr_main_match@0p5,fpr_bg_match@0p5,fpr_nuisance_match@0p5,tpr_alias_qc_match@0p5,thr_match_tpr@0p75,tpr_main_match@0p75,fpr_bg_match@0p75,fpr_nuisance_match@0p75,tpr_alias_qc_match@0p75
structv2,ClinIntraOp-Pf-Struct-v2,paper,baseline,MC-SVD,baseline_score,,runs/sim_eval/simus_stap_profile_sweep_seed21/structv2/structv2_Brain-SIMUS-Clin,0.0,0.0,426,12046,290,290,0.9823596791329637,0.6176299174356483,8.301510874979246e-05,0.0034482758620689655,9273818.59800001,0.7746478873239436,0.00016603021749958492,0.8379310344827586,0.8379310344827586,8716798.449999997,0.7816901408450704,0.001079196413747302,0.8551724137931035,0.8551724137931035,31681907.5,0.2511737089201878,0.0,0.013793103448275862,0.013793103448275862,17538650.0,0.5,0.0,0.2482758620689655,0.2482758620689655,10033768.5,0.7488262910798122,8.301510874979246e-05,0.7896551724137931,0.7896551724137931
structv2,ClinIntraOp-Pf-Struct-v2,paper,stap,MC-SVD -> STAP [Brain-SIMUS-Clin],stap_detector,Brain-SIMUS-Clin,runs/sim_eval/simus_stap_profile_sweep_seed21/structv2/structv2_Brain-SIMUS-Clin,0.0,0.0,426,12046,290,290,0.9425679652100438,1.0,8.301510874979246e-05,0.0034482758620689655,10.345601328372958,0.07511737089201878,0.00016603021749958492,0.0,0.0,10.220888366699217,0.13615023474178403,0.001079196413747302,0.0,0.0,10.033639430999756,0.2511737089201878,0.003984725219990038,0.0,0.0,9.621371269226074,0.5,0.031130665781172174,0.0,0.0,8.966233491897583,0.7488262910798122,0.06989872156732525,0.0,0.0
structv2,ClinIntraOp-Pf-Struct-v2,paper,stap,MC-SVD -> STAP [Brain-SIMUS-Clin-MotionWide-v0],stap_detector,Brain-SIMUS-Clin-MotionWide-v0,runs/sim_eval/simus_stap_profile_sweep_seed21/structv2/structv2_Brain-SIMUS-Clin-MotionWide-v0,0.0,0.0,426,12046,290,290,0.9425679652100438,1.0,8.301510874979246e-05,0.0034482758620689655,10.345601328372958,0.07511737089201878,0.00016603021749958492,0.0,0.0,10.220888366699217,0.13615023474178403,0.001079196413747302,0.0,0.0,10.033639430999756,0.2511737089201878,0.003984725219990038,0.0,0.0,9.621371269226074,0.5,0.031130665781172174,0.0,0.0,8.966233491897583,0.7488262910798122,0.06989872156732525,0.0,0.0
structv2,ClinIntraOp-Pf-Struct-v2,paper,stap,MC-SVD -> STAP [Brain-SIMUS-Clin-MotionShort-v0],stap_detector,Brain-SIMUS-Clin-MotionShort-v0,runs/sim_eval/simus_stap_profile_sweep_seed21/structv2/structv2_Brain-SIMUS-Clin-MotionShort-v0,0.0,0.0,426,12046,290,290,0.9227545387438918,1.0,8.301510874979246e-05,0.0034482758620689655,11.778927554607398,0.03286384976525822,0.00016603021749958492,0.0,0.0,11.611974549293517,0.0892018779342723,0.001079196413747302,0.0,0.0,11.370391368865967,0.2511737089201878,0.008218495766229454,0.0,0.0,11.09688138961792,0.5,0.03569649676241076,0.0,0.0,10.7957444190979,0.7488262910798122,0.08899219657977751,0.0,0.0
structv2,ClinIntraOp-Pf-Struct-v2,paper,stap,MC-SVD -> STAP [Brain-SIMUS-Clin-MotionLong-v0],stap_detector,Brain-SIMUS-Clin-MotionLong-v0,runs/sim_eval/simus_stap_profile_sweep_seed21/structv2/structv2_Brain-SIMUS-Clin-MotionLong-v0,0.0,0.0,426,12046,290,290,0.9611711444158894,1.0,8.301510874979246e-05,0.0034482758620689655,7.822030259370825,0.19483568075117372,0.00016603021749958492,0.0,0.0,7.37647789955139,0.4413145539906103,0.001079196413747302,0.0,0.0,7.735639214515686,0.2511737089201878,0.00016603021749958492,0.0,0.0,7.303215742111206,0.5,0.0014942719574962643,0.0,0.0,6.449875473976135,0.7488262910798122,0.04723559687863191,0.0,0.0
structv2,ClinIntraOp-Pf-Struct-v2,paper,stap,MC-SVD -> STAP [Brain-SIMUS-Clin-MotionRobust-v0],stap_detector,Brain-SIMUS-Clin-MotionRobust-v0,runs/sim_eval/simus_stap_profile_sweep_seed21/structv2/structv2_Brain-SIMUS-Clin-MotionRobust-v0,0.0,0.0,426,12046,290,290,0.9326743570616237,1.0,8.301510874979246e-05,0.0034482758620689655,11.36836994028092,0.08215962441314555,0.00016603021749958492,0.0,0.0,11.190223155021668,0.20187793427230047,0.001079196413747302,0.0,0.0,11.110398054122925,0.2511737089201878,0.0025734683712435665,0.0,0.0,10.849631309509277,0.5,0.019342520338701645,0.0,0.0,10.553692102432251,0.7488262910798122,0.07504565830981239,0.0,0.0
intraop025,ClinIntraOp-Pf-v1+motionx0p25_phasex0p25,paper,baseline,MC-SVD,baseline_score,,runs/sim_eval/simus_stap_profile_sweep_seed21/intraop025/intraop025_Brain-SIMUS-Clin,1.4349414110183716,0.15000000596046448,426,12046,290,290,0.626532759009088,0.04604176784847013,8.301510874979246e-05,0.0034482758620689655,133258554.46000257,0.0,0.00016603021749958492,0.0,0.0,54008908.87999994,0.0,0.001079196413747302,0.0,0.0,8995207.75,0.2511737089201878,0.1597210692346007,0.9896551724137931,0.9896551724137931,6255528.75,0.5,0.3303171177154242,1.0,1.0,4355240.875,0.7488262910798122,0.5414245392661464,1.0,1.0
intraop025,ClinIntraOp-Pf-v1+motionx0p25_phasex0p25,paper,stap,MC-SVD -> STAP [Brain-SIMUS-Clin],stap_detector,Brain-SIMUS-Clin,runs/sim_eval/simus_stap_profile_sweep_seed21/intraop025/intraop025_Brain-SIMUS-Clin,1.4349414110183716,0.15000000596046448,426,12046,290,290,0.4970155483791008,0.41466731423020886,8.301510874979246e-05,0.0034482758620689655,1.633379385828973,0.0,0.00016603021749958492,0.0,0.0,1.5874979329109191,0.0,0.001079196413747302,0.0,0.0,1.3802508413791656,0.2511737089201878,0.24082683048314793,0.3482758620689655,0.3482758620689655,1.330786645412445,0.5,0.49975095467375064,0.6344827586206897,0.6344827586206897,1.2813197374343872,0.7488262910798122,0.7634899551718413,0.8310344827586207,0.8310344827586207
intraop025,ClinIntraOp-Pf-v1+motionx0p25_phasex0p25,paper,stap,MC-SVD -> STAP [Brain-SIMUS-Clin-MotionWide-v0],stap_detector,Brain-SIMUS-Clin-MotionWide-v0,runs/sim_eval/simus_stap_profile_sweep_seed21/intraop025/intraop025_Brain-SIMUS-Clin-MotionWide-v0,1.4349414110183716,0.15000000596046448,426,12046,290,290,0.4970155483791008,0.41466731423020886,8.301510874979246e-05,0.0034482758620689655,1.633379385828973,0.0,0.00016603021749958492,0.0,0.0,1.5874979329109191,0.0,0.001079196413747302,0.0,0.0,1.3802508413791656,0.2511737089201878,0.24082683048314793,0.3482758620689655,0.3482758620689655,1.330786645412445,0.5,0.49975095467375064,0.6344827586206897,0.6344827586206897,1.2813197374343872,0.7488262910798122,0.7634899551718413,0.8310344827586207,0.8310344827586207
intraop025,ClinIntraOp-Pf-v1+motionx0p25_phasex0p25,paper,stap,MC-SVD -> STAP [Brain-SIMUS-Clin-MotionShort-v0],stap_detector,Brain-SIMUS-Clin-MotionShort-v0,runs/sim_eval/simus_stap_profile_sweep_seed21/intraop025/intraop025_Brain-SIMUS-Clin-MotionShort-v0,1.4349414110183716,0.15000000596046448,426,12046,290,290,0.5983352937370752,0.5526145378015218,8.301510874979246e-05,0.0034482758620689655,3.9393649065494736,0.0,0.00016603021749958492,0.0,0.0,3.707620106935501,0.002347417840375587,0.001079196413747302,0.0,0.0,3.310664117336273,0.2511737089201878,0.1938402789307654,0.2206896551724138,0.2206896551724138,3.238965392112732,0.5,0.3602855719740993,0.4241379310344828,0.4241379310344828,3.162889003753662,0.7488262910798122,0.576788975593558,0.6551724137931034,0.6551724137931034
intraop025,ClinIntraOp-Pf-v1+motionx0p25_phasex0p25,paper,stap,MC-SVD -> STAP [Brain-SIMUS-Clin-MotionLong-v0],stap_detector,Brain-SIMUS-Clin-MotionLong-v0,runs/sim_eval/simus_stap_profile_sweep_seed21/intraop025/intraop025_Brain-SIMUS-Clin-MotionLong-v0,1.4349414110183716,0.15000000596046448,426,12046,290,290,0.42659389008799603,0.3553181155900923,8.301510874979246e-05,0.0034482758620689655,0.7281968999505055,0.0,0.00016603021749958492,0.0,0.0,0.6992434754967687,0.0,0.001079196413747302,0.0,0.0,0.6076786816120148,0.2511737089201878,0.3269965133654325,0.4206896551724138,0.4206896551724138,0.5906571447849274,0.5,0.6090818528972273,0.7206896551724138,0.7206896551724138,0.5762647539377213,0.7488262910798122,0.8160385190104599,0.8793103448275862,0.8793103448275862
intraop025,ClinIntraOp-Pf-v1+motionx0p25_phasex0p25,paper,stap,MC-SVD -> STAP [Brain-SIMUS-Clin-MotionRobust-v0],stap_detector,Brain-SIMUS-Clin-MotionRobust-v0,runs/sim_eval/simus_stap_profile_sweep_seed21/intraop025/intraop025_Brain-SIMUS-Clin-MotionRobust-v0,1.4349414110183716,0.15000000596046448,426,12046,290,290,0.5944849321731485,0.5434191355026712,8.301510874979246e-05,0.0034482758620689655,3.9133416217565737,0.0,0.00016603021749958492,0.0,0.0,3.671638089418411,0.002347417840375587,0.001079196413747302,0.0,0.0,3.2810792326927185,0.2511737089201878,0.20122862360949692,0.24482758620689654,0.24482758620689654,3.2101917266845703,0.5,0.3707454756765731,0.4586206896551724,0.4586206896551724,3.136466681957245,0.7488262910798122,0.5809397310310477,0.6655172413793103,0.6655172413793103
intraop05,ClinIntraOp-Pf-v1+motionx0p5_phasex0p5,paper,baseline,MC-SVD,baseline_score,,runs/sim_eval/simus_stap_profile_sweep_seed21/intraop05/intraop05_Brain-SIMUS-Clin,1.4786229133605957,0.30000001192092896,426,12046,290,290,0.6093294366898719,0.03742917273757487,8.301510874979246e-05,0.0034482758620689655,138646531.66000104,0.0,0.00016603021749958492,0.0,0.0,78769347.99999978,0.0,0.001079196413747302,0.0,0.0,8228470.875,0.2511737089201878,0.18968952349327578,0.996551724137931,0.996551724137931,5734426.0,0.5,0.3529802424041176,1.0,1.0,3984450.0,0.7488262910798122,0.5689855553710775,1.0,1.0
intraop05,ClinIntraOp-Pf-v1+motionx0p5_phasex0p5,paper,stap,MC-SVD -> STAP [Brain-SIMUS-Clin],stap_detector,Brain-SIMUS-Clin,runs/sim_eval/simus_stap_profile_sweep_seed21/intraop05/intraop05_Brain-SIMUS-Clin,1.4786229133605957,0.30000001192092896,426,12046,290,290,0.4930334539195993,0.37501214181641573,8.301510874979246e-05,0.0034482758620689655,1.8302393142581213,0.0,0.00016603021749958492,0.0,0.0,1.6364812314510337,0.0,0.001079196413747302,0.0,0.0,1.3767842054367065,0.2511737089201878,0.24721899385688195,0.4379310344827586,0.4379310344827586,1.3286154866218567,0.5,0.5040677403287398,0.6655172413793103,0.6655172413793103,1.2788526713848114,0.7488262910798122,0.7658143782168355,0.8448275862068966,0.8448275862068966
intraop05,ClinIntraOp-Pf-v1+motionx0p5_phasex0p5,paper,stap,MC-SVD -> STAP [Brain-SIMUS-Clin-MotionWide-v0],stap_detector,Brain-SIMUS-Clin-MotionWide-v0,runs/sim_eval/simus_stap_profile_sweep_seed21/intraop05/intraop05_Brain-SIMUS-Clin-MotionWide-v0,1.4786229133605957,0.30000001192092896,426,12046,290,290,0.4930334539195993,0.37501214181641573,8.301510874979246e-05,0.0034482758620689655,1.8302393142581213,0.0,0.00016603021749958492,0.0,0.0,1.6364812314510337,0.0,0.001079196413747302,0.0,0.0,1.3767842054367065,0.2511737089201878,0.24721899385688195,0.4379310344827586,0.4379310344827586,1.3286154866218567,0.5,0.5040677403287398,0.6655172413793103,0.6655172413793103,1.2788526713848114,0.7488262910798122,0.7658143782168355,0.8448275862068966,0.8448275862068966
intraop05,ClinIntraOp-Pf-v1+motionx0p5_phasex0p5,paper,stap,MC-SVD -> STAP [Brain-SIMUS-Clin-MotionShort-v0],stap_detector,Brain-SIMUS-Clin-MotionShort-v0,runs/sim_eval/simus_stap_profile_sweep_seed21/intraop05/intraop05_Brain-SIMUS-Clin-MotionShort-v0,1.4786229133605957,0.30000001192092896,426,12046,290,290,0.5843028172911507,0.41172899465760077,8.301510874979246e-05,0.0034482758620689655,3.796323266029359,0.0,0.00016603021749958492,0.0,0.0,3.6754239892959593,0.002347417840375587,0.001079196413747302,0.0,0.0,3.274229109287262,0.2511737089201878,0.16984891250207537,0.3448275862068966,0.3448275862068966,3.1777031421661377,0.5,0.3832807570977918,0.6310344827586207,0.6310344827586207,3.0927416682243347,0.7488262910798122,0.6306657811721733,0.8172413793103448,0.8172413793103448
intraop05,ClinIntraOp-Pf-v1+motionx0p5_phasex0p5,paper,stap,MC-SVD -> STAP [Brain-SIMUS-Clin-MotionLong-v0],stap_detector,Brain-SIMUS-Clin-MotionLong-v0,runs/sim_eval/simus_stap_profile_sweep_seed21/intraop05/intraop05_Brain-SIMUS-Clin-MotionLong-v0,1.4786229133605957,0.30000001192092896,426,12046,290,290,0.45990886655925367,0.4749635745507528,8.301510874979246e-05,0.0034482758620689655,0.7136769065856947,0.0,0.00016603021749958492,0.0,0.0,0.6878387171030044,0.0,0.001079196413747302,0.0,0.0,0.6145651936531067,0.2511737089201878,0.297194089324257,0.25517241379310346,0.25517241379310346,0.5981464684009552,0.5,0.5674082683048315,0.5517241379310345,0.5517241379310345,0.5843657851219177,0.7488262910798122,0.78399468703304,0.803448275862069,0.803448275862069
intraop05,ClinIntraOp-Pf-v1+motionx0p5_phasex0p5,paper,stap,MC-SVD -> STAP [Brain-SIMUS-Clin-MotionRobust-v0],stap_detector,Brain-SIMUS-Clin-MotionRobust-v0,runs/sim_eval/simus_stap_profile_sweep_seed21/intraop05/intraop05_Brain-SIMUS-Clin-MotionRobust-v0,1.4786229133605957,0.30000001192092896,426,12046,290,290,0.5851088043563835,0.39910150558523555,8.301510874979246e-05,0.0034482758620689655,3.7575817364454287,0.0,0.00016603021749958492,0.0,0.0,3.6524753570556636,0.002347417840375587,0.001079196413747302,0.0,0.0,3.247505784034729,0.2511737089201878,0.1652830815208368,0.3482758620689655,0.3482758620689655,3.148383378982544,0.5,0.3869334218827827,0.6482758620689655,0.6482758620689655,3.0640358924865723,0.7488262910798122,0.6314129171509215,0.8379310344827586,0.8379310344827586
intraop1,ClinIntraOp-Pf-v1+motionx1_phasex1,paper,baseline,MC-SVD,baseline_score,,runs/sim_eval/simus_stap_profile_sweep_seed21/intraop1/intraop1_Brain-SIMUS-Clin,1.6264997720718384,0.6000000238418579,426,12046,290,290,0.5903763663390493,0.03568075117370892,8.301510874979246e-05,0.0034482758620689655,125842653.46400137,0.0,0.00016603021749958492,0.0,0.0,81298200.83999999,0.0,0.001079196413747302,0.0,0.0,7155676.5,0.2511737089201878,0.21243566329071892,0.996551724137931,0.996551724137931,5005362.0,0.5,0.3710775361115723,1.0,1.0,3440984.5625,0.7488262910798122,0.592810891582268,1.0,1.0
intraop1,ClinIntraOp-Pf-v1+motionx1_phasex1,paper,stap,MC-SVD -> STAP [Brain-SIMUS-Clin],stap_detector,Brain-SIMUS-Clin,runs/sim_eval/simus_stap_profile_sweep_seed21/intraop1/intraop1_Brain-SIMUS-Clin,1.6264997720718384,0.6000000238418579,426,12046,290,290,0.46022475268902696,0.34398575360207223,8.301510874979246e-05,0.0034482758620689655,1.704176236987114,0.0,0.00016603021749958492,0.0,0.0,1.5997737360000606,0.0,0.001079196413747302,0.0034482758620689655,0.0034482758620689655,1.3786274790763855,0.2511737089201878,0.297609164868006,0.42758620689655175,0.42758620689655175,1.3339553475379944,0.5,0.539183131329902,0.7137931034482758,0.7137931034482758,1.2818781435489655,0.7488262910798122,0.8026730865017433,0.9,0.9
intraop1,ClinIntraOp-Pf-v1+motionx1_phasex1,paper,stap,MC-SVD -> STAP [Brain-SIMUS-Clin-MotionWide-v0],stap_detector,Brain-SIMUS-Clin-MotionWide-v0,runs/sim_eval/simus_stap_profile_sweep_seed21/intraop1/intraop1_Brain-SIMUS-Clin-MotionWide-v0,1.6264997720718384,0.6000000238418579,426,12046,290,290,0.46022475268902696,0.34398575360207223,8.301510874979246e-05,0.0034482758620689655,1.704176236987114,0.0,0.00016603021749958492,0.0,0.0,1.5997737360000606,0.0,0.001079196413747302,0.0034482758620689655,0.0034482758620689655,1.3786274790763855,0.2511737089201878,0.297609164868006,0.42758620689655175,0.42758620689655175,1.3339553475379944,0.5,0.539183131329902,0.7137931034482758,0.7137931034482758,1.2818781435489655,0.7488262910798122,0.8026730865017433,0.9,0.9
intraop1,ClinIntraOp-Pf-v1+motionx1_phasex1,paper,stap,MC-SVD -> STAP [Brain-SIMUS-Clin-MotionShort-v0],stap_detector,Brain-SIMUS-Clin-MotionShort-v0,runs/sim_eval/simus_stap_profile_sweep_seed21/intraop1/intraop1_Brain-SIMUS-Clin-MotionShort-v0,1.6264997720718384,0.6000000238418579,426,12046,290,290,0.5678887231184996,0.4211672332847661,8.301510874979246e-05,0.0034482758620689655,3.799643886446956,0.0,0.00016603021749958492,0.0,0.0,3.634159197807312,0.0,0.001079196413747302,0.0034482758620689655,0.0034482758620689655,3.214936852455139,0.2511737089201878,0.19550058110576124,0.3448275862068966,0.3448275862068966,3.1342360973358154,0.5,0.3873484974265316,0.5827586206896552,0.5827586206896552,3.0407145619392395,0.7488262910798122,0.6644529304333389,0.8379310344827586,0.8379310344827586
intraop1,ClinIntraOp-Pf-v1+motionx1_phasex1,paper,stap,MC-SVD -> STAP [Brain-SIMUS-Clin-MotionLong-v0],stap_detector,Brain-SIMUS-Clin-MotionLong-v0,runs/sim_eval/simus_stap_profile_sweep_seed21/intraop1/intraop1_Brain-SIMUS-Clin-MotionLong-v0,1.6264997720718384,0.6000000238418579,426,12046,290,290,0.387722552593774,0.3726323457989315,8.301510874979246e-05,0.0034482758620689655,0.7189692784845835,0.0,0.00016603021749958492,0.0,0.0,0.7003698897361755,0.0,0.001079196413747302,0.0034482758620689655,0.0034482758620689655,0.6136155128479004,0.2511737089201878,0.3767225635065582,0.40344827586206894,0.40344827586206894,0.5968093574047089,0.5,0.6583098123858542,0.6551724137931034,0.6551724137931034,0.5832648277282715,0.7488262910798122,0.8421052631578947,0.8448275862068966,0.8448275862068966
intraop1,ClinIntraOp-Pf-v1+motionx1_phasex1,paper,stap,MC-SVD -> STAP [Brain-SIMUS-Clin-MotionRobust-v0],stap_detector,Brain-SIMUS-Clin-MotionRobust-v0,runs/sim_eval/simus_stap_profile_sweep_seed21/intraop1/intraop1_Brain-SIMUS-Clin-MotionRobust-v0,1.6264997720718384,0.6000000238418579,426,12046,290,290,0.5669320032208304,0.4119718309859155,8.301510874979246e-05,0.0034482758620689655,3.7698220466375383,0.0,0.00016603021749958492,0.0,0.0,3.585323643684387,0.0,0.001079196413747302,0.006896551724137931,0.006896551724137931,3.1846916675567627,0.2511737089201878,0.20081354806574797,0.35172413793103446,0.35172413793103446,3.1046165227890015,0.5,0.39382367590901546,0.6068965517241379,0.6068965517241379,3.0104323625564575,0.7488262910798122,0.6741656981570646,0.8482758620689655,0.8482758620689655
mobile025,ClinMobile-Pf-v1+motionx0p25_phasex0p25,paper,baseline,MC-SVD,baseline_score,,runs/sim_eval/simus_stap_profile_sweep_seed21/mobile025/mobile025_Brain-SIMUS-Clin,1.4703929424285889,0.13218560814857483,426,12046,348,348,0.5656879458164672,0.0346379040526685,8.301510874979246e-05,0.0028735632183908046,126173544.59600264,0.0,0.00016603021749958492,0.0,0.0,72416942.27999993,0.0,0.001079196413747302,0.0,0.0,7264503.375,0.2511737089201878,0.2225635065581936,0.9913793103448276,0.9913793103448276,5196213.75,0.5,0.405611821351486,1.0,1.0,3499639.5625,0.7488262910798122,0.6560684044496098,1.0,1.0
mobile025,ClinMobile-Pf-v1+motionx0p25_phasex0p25,paper,stap,MC-SVD -> STAP [Brain-SIMUS-Clin],stap_detector,Brain-SIMUS-Clin,runs/sim_eval/simus_stap_profile_sweep_seed21/mobile025/mobile025_Brain-SIMUS-Clin,1.4703929424285889,0.13218560814857483,426,12046,348,348,0.4957936088499562,0.4506097890022125,8.301510874979246e-05,0.0028735632183908046,1.675101955890656,0.0,0.00016603021749958492,0.0,0.0,1.6159257417917248,0.0,0.001079196413747302,0.0,0.0,1.3742145001888275,0.2511737089201878,0.23152913830317118,0.28735632183908044,0.28735632183908044,1.3219562768936157,0.5,0.4967624107587581,0.5660919540229885,0.5660919540229885,1.2683831453323364,0.7488262910798122,0.7893076539930267,0.8448275862068966,0.8448275862068966
mobile025,ClinMobile-Pf-v1+motionx0p25_phasex0p25,paper,stap,MC-SVD -> STAP [Brain-SIMUS-Clin-MotionWide-v0],stap_detector,Brain-SIMUS-Clin-MotionWide-v0,runs/sim_eval/simus_stap_profile_sweep_seed21/mobile025/mobile025_Brain-SIMUS-Clin-MotionWide-v0,1.4703929424285889,0.13218560814857483,426,12046,348,348,0.4957936088499562,0.4506097890022125,8.301510874979246e-05,0.0028735632183908046,1.675101955890656,0.0,0.00016603021749958492,0.0,0.0,1.6159257417917248,0.0,0.001079196413747302,0.0,0.0,1.3742145001888275,0.2511737089201878,0.23152913830317118,0.28735632183908044,0.28735632183908044,1.3219562768936157,0.5,0.4967624107587581,0.5660919540229885,0.5660919540229885,1.2683831453323364,0.7488262910798122,0.7893076539930267,0.8448275862068966,0.8448275862068966
mobile025,ClinMobile-Pf-v1+motionx0p25_phasex0p25,paper,stap,MC-SVD -> STAP [Brain-SIMUS-Clin-MotionShort-v0],stap_detector,Brain-SIMUS-Clin-MotionShort-v0,runs/sim_eval/simus_stap_profile_sweep_seed21/mobile025/mobile025_Brain-SIMUS-Clin-MotionShort-v0,1.4703929424285889,0.13218560814857483,426,12046,348,348,0.5253620900787981,0.569410717176623,8.301510874979246e-05,0.0028735632183908046,3.9271815820932474,0.0,0.00016603021749958492,0.0,0.0,3.6665891456604003,0.0,0.001079196413747302,0.0,0.0,3.2289026975631714,0.2511737089201878,0.2323592893906691,0.16379310344827586,0.16379310344827586,3.1340110301971436,0.5,0.47741989042005645,0.40804597701149425,0.40804597701149425,3.051439642906189,0.7488262910798122,0.7090320438319774,0.6752873563218391,0.6752873563218391
mobile025,ClinMobile-Pf-v1+motionx0p25_phasex0p25,paper,stap,MC-SVD -> STAP [Brain-SIMUS-Clin-MotionLong-v0],stap_detector,Brain-SIMUS-Clin-MotionLong-v0,runs/sim_eval/simus_stap_profile_sweep_seed21/mobile025/mobile025_Brain-SIMUS-Clin-MotionLong-v0,1.4703929424285889,0.13218560814857483,426,12046,348,348,0.45888783918297543,0.515184015973234,8.301510874979246e-05,0.0028735632183908046,0.7243457268774512,0.0,0.00016603021749958492,0.0,0.0,0.6967692270874977,0.0,0.001079196413747302,0.0,0.0,0.6143267303705215,0.2511737089201878,0.3157894736842105,0.22988505747126436,0.22988505747126436,0.5980851352214813,0.5,0.5706458575460733,0.47126436781609193,0.47126436781609193,0.5846854597330093,0.7488262910798122,0.774032873983065,0.7270114942528736,0.7270114942528736
mobile025,ClinMobile-Pf-v1+motionx0p25_phasex0p25,paper,stap,MC-SVD -> STAP [Brain-SIMUS-Clin-MotionRobust-v0],stap_detector,Brain-SIMUS-Clin-MotionRobust-v0,runs/sim_eval/simus_stap_profile_sweep_seed21/mobile025/mobile025_Brain-SIMUS-Clin-MotionRobust-v0,1.4703929424285889,0.13218560814857483,426,12046,348,348,0.5183428313530527,0.5651340996168582,8.301510874979246e-05,0.0028735632183908046,3.8924529026746812,0.0,0.00016603021749958492,0.0,0.0,3.6254522895812986,0.0,0.001079196413747302,0.0,0.0,3.2006993889808655,0.2511737089201878,0.24248713265814378,0.1752873563218391,0.1752873563218391,3.109300136566162,0.5,0.47974431346505064,0.4051724137931034,0.4051724137931034,3.0270596742630005,0.7488262910798122,0.713182799269467,0.6724137931034483,0.6724137931034483
mobile05,ClinMobile-Pf-v1+motionx0p5_phasex0p5,paper,baseline,MC-SVD,baseline_score,,runs/sim_eval/simus_stap_profile_sweep_seed21/mobile05/mobile05_Brain-SIMUS-Clin,1.6960432529449463,0.26437121629714966,426,12046,348,348,0.5034975473517401,0.02892450488370838,8.301510874979246e-05,0.0028735632183908046,127914244.7440002,0.0,0.00016603021749958492,0.0,0.0,85300616.39999981,0.0,0.001079196413747302,0.0,0.0,6257461.25,0.2511737089201878,0.3017599203054956,0.9942528735632183,0.9942528735632183,4580106.25,0.5,0.48082350987879796,1.0,1.0,3241573.4375,0.7488262910798122,0.6909347501245227,1.0,1.0
mobile05,ClinMobile-Pf-v1+motionx0p5_phasex0p5,paper,stap,MC-SVD -> STAP [Brain-SIMUS-Clin],stap_detector,Brain-SIMUS-Clin,runs/sim_eval/simus_stap_profile_sweep_seed21/mobile05/mobile05_Brain-SIMUS-Clin,1.6960432529449463,0.26437121629714966,426,12046,348,348,0.4872900165952269,0.42556391991797526,8.301510874979246e-05,0.0028735632183908046,1.7202250733971665,0.0,0.00016603021749958492,0.0,0.0,1.593108478784561,0.0,0.001079196413747302,0.005747126436781609,0.005747126436781609,1.3772139847278595,0.2511737089201878,0.2841607172505396,0.3390804597701149,0.3390804597701149,1.334746778011322,0.5,0.5078864353312302,0.5747126436781609,0.5747126436781609,1.2949896156787872,0.7488262910798122,0.7217333554706956,0.8045977011494253,0.8045977011494253
mobile05,ClinMobile-Pf-v1+motionx0p5_phasex0p5,paper,stap,MC-SVD -> STAP [Brain-SIMUS-Clin-MotionWide-v0],stap_detector,Brain-SIMUS-Clin-MotionWide-v0,runs/sim_eval/simus_stap_profile_sweep_seed21/mobile05/mobile05_Brain-SIMUS-Clin-MotionWide-v0,1.6960432529449463,0.26437121629714966,426,12046,348,348,0.4872900165952269,0.42556391991797526,8.301510874979246e-05,0.0028735632183908046,1.7202250733971665,0.0,0.00016603021749958492,0.0,0.0,1.593108478784561,0.0,0.001079196413747302,0.005747126436781609,0.005747126436781609,1.3772139847278595,0.2511737089201878,0.2841607172505396,0.3390804597701149,0.3390804597701149,1.334746778011322,0.5,0.5078864353312302,0.5747126436781609,0.5747126436781609,1.2949896156787872,0.7488262910798122,0.7217333554706956,0.8045977011494253,0.8045977011494253
mobile05,ClinMobile-Pf-v1+motionx0p5_phasex0p5,paper,stap,MC-SVD -> STAP [Brain-SIMUS-Clin-MotionShort-v0],stap_detector,Brain-SIMUS-Clin-MotionShort-v0,runs/sim_eval/simus_stap_profile_sweep_seed21/mobile05/mobile05_Brain-SIMUS-Clin-MotionShort-v0,1.6960432529449463,0.26437121629714966,426,12046,348,348,0.5331518693209676,0.5267423506556581,8.301510874979246e-05,0.0028735632183908046,3.792648895025264,0.0,0.00016603021749958492,0.0,0.0,3.649234529733657,0.0,0.001079196413747302,0.0,0.0,3.238716721534729,0.2511737089201878,0.19882118545575295,0.1896551724137931,0.1896551724137931,3.141431212425232,0.5,0.4524323426863689,0.4425287356321839,0.4425287356321839,3.0431703329086304,0.7488262910798122,0.7290386850406774,0.7844827586206896,0.7844827586206896
mobile05,ClinMobile-Pf-v1+motionx0p5_phasex0p5,paper,stap,MC-SVD -> STAP [Brain-SIMUS-Clin-MotionLong-v0],stap_detector,Brain-SIMUS-Clin-MotionLong-v0,runs/sim_eval/simus_stap_profile_sweep_seed21/mobile05/mobile05_Brain-SIMUS-Clin-MotionLong-v0,1.6960432529449463,0.26437121629714966,426,12046,348,348,0.40642024430605994,0.3978738330365334,8.301510874979246e-05,0.0028735632183908046,0.7314864861369142,0.0,0.00016603021749958492,0.0,0.0,0.6974333304166793,0.0,0.001079196413747302,0.0,0.0,0.614098072052002,0.2511737089201878,0.37738668437655654,0.4281609195402299,0.4281609195402299,0.5993046164512634,0.5,0.6305827660634236,0.6206896551724138,0.6206896551724138,0.5849317014217377,0.7488262910798122,0.8260833471691847,0.8074712643678161,0.8074712643678161
mobile05,ClinMobile-Pf-v1+motionx0p5_phasex0p5,paper,stap,MC-SVD -> STAP [Brain-SIMUS-Clin-MotionRobust-v0],stap_detector,Brain-SIMUS-Clin-MotionRobust-v0,runs/sim_eval/simus_stap_profile_sweep_seed21/mobile05/mobile05_Brain-SIMUS-Clin-MotionRobust-v0,1.6960432529449463,0.26437121629714966,426,12046,348,348,0.5287326788780723,0.5317575953807134,8.301510874979246e-05,0.0028735632183908046,3.733063327431686,0.0,0.00016603021749958492,0.0,0.0,3.609989706277847,0.0,0.001079196413747302,0.0,0.0,3.2153850197792053,0.2511737089201878,0.20421716752448946,0.1810344827586207,0.1810344827586207,3.115654230117798,0.5,0.46621285073883445,0.4425287356321839,0.4425287356321839,3.0199809074401855,0.7488262910798122,0.7372571808069068,0.7844827586206896,0.7844827586206896
mobile1,ClinMobile-Pf-v1+motionx1_phasex1,paper,baseline,MC-SVD,baseline_score,,runs/sim_eval/simus_stap_profile_sweep_seed21/mobile1/mobile1_Brain-SIMUS-Clin,2.441910982131958,0.5287424325942993,426,12046,348,348,0.42019305494820713,0.023851923803356538,8.301510874979246e-05,0.0028735632183908046,124726702.32800056,0.0,0.00016603021749958492,0.0,0.0,65269923.89999985,0.0,0.001079196413747302,0.0,0.0,5467437.875,0.2511737089201878,0.4096795616802258,0.9971264367816092,0.9971264367816092,4033290.625,0.5,0.5957994354972606,1.0,1.0,2743555.375,0.7488262910798122,0.7845757927942886,1.0,1.0
mobile1,ClinMobile-Pf-v1+motionx1_phasex1,paper,stap,MC-SVD -> STAP [Brain-SIMUS-Clin],stap_detector,Brain-SIMUS-Clin,runs/sim_eval/simus_stap_profile_sweep_seed21/mobile1/mobile1_Brain-SIMUS-Clin,2.441910982131958,0.5287424325942993,426,12046,348,348,0.4647310505347654,0.4039447412444013,8.301510874979246e-05,0.0028735632183908046,1.7586482428908365,0.0,0.00016603021749958492,0.0,0.0,1.6081516772508622,0.0,0.001079196413747302,0.0,0.0,1.3756340444087982,0.2511737089201878,0.2828324755105429,0.34770114942528735,0.34770114942528735,1.3278411626815796,0.5,0.5390171011124024,0.6264367816091954,0.6264367816091954,1.2806183993816376,0.7488262910798122,0.7849078532292877,0.8448275862068966,0.8448275862068966
mobile1,ClinMobile-Pf-v1+motionx1_phasex1,paper,stap,MC-SVD -> STAP [Brain-SIMUS-Clin-MotionWide-v0],stap_detector,Brain-SIMUS-Clin-MotionWide-v0,runs/sim_eval/simus_stap_profile_sweep_seed21/mobile1/mobile1_Brain-SIMUS-Clin-MotionWide-v0,2.441910982131958,0.5287424325942993,426,12046,348,348,0.4647310505347654,0.4039447412444013,8.301510874979246e-05,0.0028735632183908046,1.7586482428908365,0.0,0.00016603021749958492,0.0,0.0,1.6081516772508622,0.0,0.001079196413747302,0.0,0.0,1.3756340444087982,0.2511737089201878,0.2828324755105429,0.34770114942528735,0.34770114942528735,1.3278411626815796,0.5,0.5390171011124024,0.6264367816091954,0.6264367816091954,1.2806183993816376,0.7488262910798122,0.7849078532292877,0.8448275862068966,0.8448275862068966
mobile1,ClinMobile-Pf-v1+motionx1_phasex1,paper,stap,MC-SVD -> STAP [Brain-SIMUS-Clin-MotionShort-v0],stap_detector,Brain-SIMUS-Clin-MotionShort-v0,runs/sim_eval/simus_stap_profile_sweep_seed21/mobile1/mobile1_Brain-SIMUS-Clin-MotionShort-v0,2.441910982131958,0.5287424325942993,426,12046,348,348,0.46690707920109065,0.33519507851707947,8.301510874979246e-05,0.0028735632183908046,3.652471976518631,0.0,0.00016603021749958492,0.0,0.0,3.5908405590057373,0.0,0.001079196413747302,0.0,0.0,3.1570261120796204,0.2511737089201878,0.30250705628424374,0.46264367816091956,0.46264367816091956,3.0746679306030273,0.5,0.5359455420886602,0.7413793103448276,0.7413793103448276,2.991855800151825,0.7488262910798122,0.758010957994355,0.9109195402298851,0.9109195402298851
mobile1,ClinMobile-Pf-v1+motionx1_phasex1,paper,stap,MC-SVD -> STAP [Brain-SIMUS-Clin-MotionLong-v0],stap_detector,Brain-SIMUS-Clin-MotionLong-v0,runs/sim_eval/simus_stap_profile_sweep_seed21/mobile1/mobile1_Brain-SIMUS-Clin-MotionLong-v0,2.441910982131958,0.5287424325942993,426,12046,348,348,0.5165994166337334,0.5039258539744212,8.301510874979246e-05,0.0028735632183908046,0.7312360055446656,0.0,0.00016603021749958492,0.0,0.0,0.6892545959353447,0.0,0.001079196413747302,0.0,0.0,0.6179999113082886,0.2511737089201878,0.27826664452930433,0.26436781609195403,0.26436781609195403,0.605766773223877,0.5,0.4725219990038187,0.47701149425287354,0.47701149425287354,0.591614305973053,0.7488262910798122,0.7051303337207372,0.7442528735632183,0.7442528735632183
mobile1,ClinMobile-Pf-v1+motionx1_phasex1,paper,stap,MC-SVD -> STAP [Brain-SIMUS-Clin-MotionRobust-v0],stap_detector,Brain-SIMUS-Clin-MotionRobust-v0,runs/sim_eval/simus_stap_profile_sweep_seed21/mobile1/mobile1_Brain-SIMUS-Clin-MotionRobust-v0,2.441910982131958,0.5287424325942993,426,12046,348,348,0.4689981440471931,0.3403216232259457,8.301510874979246e-05,0.0028735632183908046,3.6166031708717363,0.0,0.00016603021749958492,0.0,0.0,3.5584483313560487,0.0,0.001079196413747302,0.0,0.0,3.126280426979065,0.2511737089201878,0.3051635397642371,0.46264367816091956,0.46264367816091956,3.048403739929199,0.5,0.5273119707786817,0.7183908045977011,0.7183908045977011,2.96134614944458,0.7488262910798122,0.7605844263655985,0.9195402298850575,0.9195402298850575
